ID_Paquete,Cliente,Ciudad_Destino,Ciudad_Válida,Latitud,Longitud,Peso_kg,Volumen_Paquete_m3,Dirección
1,José Mari Amat,Neiva,True,2.885001,-75.183049,52.26,0.75,"Calle 88 #57-2, Neiva, Huila, Colombia"
2,Paca Ureña,Ibagué,True,4.335825,-75.289069,52.31,0.46,"Calle 74 #40-46, Ibagué, Tolima, Colombia"
3,Clementina Vicenta Herranz Fuentes,Ibagué,True,4.418411,-75.248201,79.24,2.64,"Calle 32 #41-47, Ibagué, Tolima, Colombia"
4,Nicolasa Candela Falcón Suárez,Tunja,True,5.575592,-73.458713,75.66,2.23,"Calle 52 #72-82, Tunja, Boyacá, Colombia"
5,Iván Carranza Gabaldón,Neiva,True,2.991595,-75.352032,18.88,1.94,"Calle 79 #44-11, Neiva, Huila, Colombia"
6,Edmundo del Daza,Neiva,True,2.849283,-75.380364,72.26,0.96,"Calle 116 #20-68, Neiva, Huila, Colombia"
7,Hilario Viñas Segarra,Bucaramanga,True,7.085423,-73.136456,56.25,1.65,"Calle 25 #93-9, Bucaramanga, Santander, Colombia"
8,Dionisia Ramírez-Haro,Pereira,True,4.755695,-75.603871,27.15,0.54,"Calle 110 #88-74, Pereira, Risaralda, Colombia"
9,Rafa Ocaña-Roma,Cali,True,3.321813,-76.480835,2.24,1.86,"Calle 78 #62-42, Cali, Valle del Cauca, Colombia"
10,Severo Guitart Lluch,Cali,True,3.308125,-76.419074,19.27,2.21,"Calle 105 #33-85, Cali, Valle del Cauca, Colombia"
11,Gerónimo José Antonio Méndez Quero,Neiva,True,2.958331,-75.109845,33.76,2.5,"Calle 107 #86-71, Neiva, Huila, Colombia"
12,Felipa Castellanos Planas,Bogotá,True,4.65092,-74.042074,70.49,2.45,"Calle 62 #38-7, Bogotá, Cundinamarca, Colombia"
13,Aitana Antúnez Gelabert,Pasto,True,1.154618,-77.372682,2.71,2.04,"Calle 110 #33-89, Pasto, Nariño, Colombia"
14,Loreto Ballester,Ibagué,True,4.420331,-75.252449,54.35,0.66,"Calle 2 #41-19, Ibagué, Tolima, Colombia"
15,Rodolfo Pi Rivera,Ibagué,True,4.447695,-75.11662,67.35,1.96,"Calle 96 #93-44, Ibagué, Tolima, Colombia"
16,Rosario Rivero Alcolea,Pereira,True,4.830352,-75.631684,32.46,0.96,"Calle 58 #68-47, Pereira, Risaralda, Colombia"
17,Bernardo Conde,Armenia,True,4.647399,-75.70382,17.58,2.17,"Calle 14 #97-16, Armenia, Quindío, Colombia"
18,Victoriano Sanchez-Farré,Tunja,True,5.513917,-73.450455,9.27,1.67,"Calle 90 #46-78, Tunja, Boyacá, Colombia"
19,José Ángel Cortés,Ibagué,True,4.387393,-75.111706,24.58,0.67,"Calle 24 #70-74, Ibagué, Tolima, Colombia"
20,Manolo de Alvarez,Bucaramanga,True,7.172681,-73.01743,25.89,1.27,"Calle 79 #57-85, Bucaramanga, Santander, Colombia"
21,Federico Duarte Manrique,Pasto,True,1.192151,-77.32644,27.68,0.72,"Calle 100 #56-10, Pasto, Nariño, Colombia"
22,Felipe Fernandez Malo,Medellín,True,6.13267,-75.67784,15.25,2.17,"Calle 18 #29-35, Medellín, Antioquia, Colombia"
23,Ernesto del Pinedo,Villavicencio,True,4.08404,-73.510627,66.64,2.49,"Calle 2 #52-10, Villavicencio, Meta, Colombia"
24,Samanta Carmona Alcalde,Tunja,True,5.509991,-73.22602,40.63,2.74,"Calle 111 #18-38, Tunja, Boyacá, Colombia"
25,Arsenio Ribera Azcona,Bucaramanga,True,7.15885,-73.161002,64.49,2.8,"Calle 106 #87-11, Bucaramanga, Santander, Colombia"
26,Galo Sola Cortés,Cali,True,3.432301,-76.536297,54.6,2.49,"Calle 60 #5-24, Cali, Valle del Cauca, Colombia"
27,Esther Mayo Olivera,Bogotá,True,4.645916,-74.15505,36.36,0.44,"Calle 31 #30-68, Bogotá, Cundinamarca, Colombia"
28,Urbano Salinas-Perera,Bogotá,True,4.618641,-74.082592,58.37,2.65,"Calle 57 #35-19, Bogotá, Cundinamarca, Colombia"
29,Josefa Javiera Andrade Sandoval,Armenia,True,4.634468,-75.738136,11.05,1.87,"Calle 74 #22-86, Armenia, Quindío, Colombia"
30,Emperatriz Alfaro Baena,Pereira,True,4.798746,-75.758322,28.45,2.85,"Calle 70 #17-6, Pereira, Risaralda, Colombia"
31,Purificación Torrents-Montoya,Villavicencio,True,4.251249,-73.794711,40.16,1.26,"Calle 2 #21-8, Villavicencio, Meta, Colombia"
32,Benjamín Valdés Bermejo,Santa Marta,True,11.195968,-74.094418,12.49,0.56,"Calle 84 #78-69, Santa Marta, Magdalena, Colombia"
33,Tatiana Gelabert Román,Barranquilla,True,11.059765,-74.879057,39.58,0.56,"Calle 15 #94-38, Barranquilla, Atlántico, Colombia"
34,Trinidad Carrasco,Ibagué,True,4.483529,-75.147848,64.47,0.83,"Calle 41 #51-29, Ibagué, Tolima, Colombia"
35,Omar Arias Galiano,Pasto,True,1.147563,-77.314267,70.59,1.31,"Calle 88 #70-51, Pasto, Nariño, Colombia"
36,Ágata Giménez Verdugo,Barranquilla,True,11.090012,-74.881234,32.01,1.18,"Calle 58 #3-10, Barranquilla, Atlántico, Colombia"
37,Gilberto Castells-Poza,Pereira,True,4.716462,-75.73663,47.97,0.77,"Calle 50 #48-94, Pereira, Risaralda, Colombia"
38,Eutimio Maza,Pereira,True,4.878118,-75.704151,26.35,0.18,"Calle 69 #16-37, Pereira, Risaralda, Colombia"
39,Nando Bueno Carro,Barranquilla,True,10.978865,-74.762412,77.61,1.39,"Calle 50 #42-25, Barranquilla, Atlántico, Colombia"
40,Maximiano Valentín Bautista Castañeda,Villavicencio,True,4.192724,-73.663626,67.39,0.86,"Calle 74 #54-80, Villavicencio, Meta, Colombia"
41,Isaac del Mármol,Barranquilla,True,11.006889,-74.883833,78.63,1.66,"Calle 74 #59-82, Barranquilla, Atlántico, Colombia"
42,Amaro del Guillen,Pereira,True,4.84,-75.650535,60.22,1.19,"Calle 95 #36-69, Pereira, Risaralda, Colombia"
43,Berta Casas Pol,Pereira,True,4.859336,-75.631619,68.58,2.28,"Calle 21 #4-82, Pereira, Risaralda, Colombia"
44,Juan Luis Valera Blasco,Pasto,True,1.195907,-77.390992,20.67,0.88,"Calle 60 #98-81, Pasto, Nariño, Colombia"
45,Rafa Bernal Egea,Tunja,True,5.496951,-73.469379,78.74,0.78,"Calle 87 #96-20, Tunja, Boyacá, Colombia"
46,Florina Gibert Blanch,Ibagué,True,4.426124,-75.187322,46.7,2.12,"Calle 115 #71-26, Ibagué, Tolima, Colombia"
47,Armida Olivera Jódar,Bogotá,True,4.573748,-74.074293,53.58,1.87,"Calle 114 #35-93, Bogotá, Cundinamarca, Colombia"
48,Carmela Batlle Calderon,Pereira,True,4.761677,-75.796371,53.58,0.95,"Calle 90 #76-90, Pereira, Risaralda, Colombia"
49,Olimpia Torre-Cózar,Armenia,True,4.414638,-75.653137,44.78,1.31,"Calle 46 #4-17, Armenia, Quindío, Colombia"
50,Jose Angel del Saez,Cali,True,3.453083,-76.506505,47.37,0.31,"Calle 105 #70-91, Cali, Valle del Cauca, Colombia"
51,Calisto Rueda Bertrán,Ibagué,True,4.335667,-75.206605,45.69,0.03,"Calle 108 #99-16, Ibagué, Tolima, Colombia"
52,Francisco López Valenciano,Bogotá,True,4.592706,-74.115869,37.94,1.43,"Calle 16 #11-17, Bogotá, Cundinamarca, Colombia"
53,Felipe Luz Comas,Bogotá,True,4.741337,-74.158461,74.14,1.14,"Calle 116 #95-4, Bogotá, Cundinamarca, Colombia"
54,Amada Escribano,Villavicencio,True,4.148149,-73.555252,20.94,0.97,"Calle 44 #58-93, Villavicencio, Meta, Colombia"
55,Martina Gras-Verdugo,Bogotá,True,4.511406,-74.030425,75.6,0.5,"Calle 21 #15-92, Bogotá, Cundinamarca, Colombia"
56,Balduino Matas-Espada,Cartagena,True,10.388074,-75.523801,0.41,2.42,"Calle 79 #46-39, Cartagena, Bolívar, Colombia"
57,Petrona de Belda,Bucaramanga,True,7.143773,-73.026214,2.41,2.05,"Calle 8 #14-32, Bucaramanga, Santander, Colombia"
58,Emiliano Méndez Barrios,Bogotá,True,4.692382,-74.160459,77.29,1.9,"Calle 59 #32-90, Bogotá, Cundinamarca, Colombia"
59,Victorino Llano Garriga,Bogotá,True,4.676898,-74.046752,54.88,2.28,"Calle 90 #59-35, Bogotá, Cundinamarca, Colombia"
60,Celestina Portillo,Santa Marta,True,11.199453,-74.178613,57.99,1.54,"Calle 14 #64-48, Santa Marta, Magdalena, Colombia"
61,Eladio Gálvez Barros,Barranquilla,True,10.971971,-74.805014,76.83,0.37,"Calle 106 #46-67, Barranquilla, Atlántico, Colombia"
62,Rómulo Ureña Beltrán,Manizales,True,5.147539,-75.578882,73.35,0.54,"Calle 55 #71-73, Manizales, Caldas, Colombia"
63,Benito Vélez-Zurita,Armenia,True,4.66481,-75.619842,44.65,2.29,"Calle 112 #25-68, Armenia, Quindío, Colombia"
64,César Álvarez Arnaiz,Ibagué,True,4.408451,-75.261785,31.68,1.16,"Calle 61 #99-77, Ibagué, Tolima, Colombia"
65,Amada de Aragón,Ibagué,True,4.405953,-75.100807,28.56,0.29,"Calle 66 #5-13, Ibagué, Tolima, Colombia"
66,Edu García Anaya,Ibagué,True,4.49374,-75.204479,66.75,0.26,"Calle 62 #61-17, Ibagué, Tolima, Colombia"
67,Palmira Calatayud Giménez,Armenia,True,4.637468,-75.506214,45.03,0.21,"Calle 51 #44-11, Armenia, Quindío, Colombia"
68,Jose Ramón Pla,Cali,True,3.302308,-76.575295,22.48,2.36,"Calle 117 #96-7, Cali, Valle del Cauca, Colombia"
69,Graciano Bertrán Coll,Armenia,True,4.511193,-75.526695,66.4,1.84,"Calle 105 #25-92, Armenia, Quindío, Colombia"
70,Gerardo Alemán Borrell,Bogotá,True,4.551375,-74.004466,44.84,2.02,"Calle 67 #51-8, Bogotá, Cundinamarca, Colombia"
71,Gema Vargas-Yáñez,Santa Marta,True,11.275711,-74.066832,22.75,2.68,"Calle 50 #22-69, Santa Marta, Magdalena, Colombia"
72,Angélica Menéndez-Arribas,Manizales,True,5.183628,-75.574152,48.83,2.07,"Calle 72 #88-99, Manizales, Caldas, Colombia"
73,Gustavo Pascual Vizcaíno,Bogotá,True,4.575339,-74.030342,48.16,0.27,"Calle 103 #83-97, Bogotá, Cundinamarca, Colombia"
74,Silvia Mariscal,Santa Marta,True,11.269119,-74.069612,79.01,0.84,"Calle 116 #29-18, Santa Marta, Magdalena, Colombia"
75,Nicodemo del Ferrera,Barranquilla,True,10.971625,-74.743007,9.39,1.77,"Calle 16 #99-80, Barranquilla, Atlántico, Colombia"
76,Nereida Gil Burgos,Bogotá,True,4.753956,-74.122135,21.87,1.05,"Calle 21 #19-45, Bogotá, Cundinamarca, Colombia"
77,Herminio Iborra,Barranquilla,True,10.972305,-74.8545,41.51,0.44,"Calle 45 #6-68, Barranquilla, Atlántico, Colombia"
78,Clemente Novoa Vizcaíno,Manizales,True,5.07093,-75.588078,38.55,0.32,"Calle 108 #61-22, Manizales, Caldas, Colombia"
79,Juanito Amo Belda,Santa Marta,True,11.143081,-74.169765,73.17,1.1,"Calle 100 #18-16, Santa Marta, Magdalena, Colombia"
80,Modesto Noriega Figueroa,Bogotá,True,4.763135,-74.017151,65.94,2.08,"Calle 110 #7-28, Bogotá, Cundinamarca, Colombia"
81,Gonzalo Echevarría Lluch,Manizales,True,5.122163,-75.434426,33.73,1.83,"Calle 22 #97-25, Manizales, Caldas, Colombia"
82,Bienvenida Aliaga Madrid,Medellín,True,6.203545,-75.5921,44.86,1.95,"Calle 101 #57-8, Medellín, Antioquia, Colombia"
83,Cayetana Boix,Barranquilla,True,10.99092,-74.814098,41.93,0.36,"Calle 52 #92-18, Barranquilla, Atlántico, Colombia"
84,León Agullo Barriga,Manizales,True,5.088395,-75.526637,39.15,1.81,"Calle 34 #42-32, Manizales, Caldas, Colombia"
85,Clementina Vicens Roura,Ibagué,True,4.49394,-75.237313,60.5,2.5,"Calle 79 #89-44, Ibagué, Tolima, Colombia"
86,Ariel Carolina Giner Pazos,Pereira,True,4.735097,-75.733101,79.69,2.57,"Calle 87 #51-93, Pereira, Risaralda, Colombia"
87,Calista Campillo Feliu,Pereira,True,4.881206,-75.787099,8.02,0.08,"Calle 58 #70-56, Pereira, Risaralda, Colombia"
88,Aura Torrijos Navarro,Cartagena,True,10.367693,-75.490899,51.43,1.59,"Calle 103 #45-66, Cartagena, Bolívar, Colombia"
89,Pacífica de Molins,Santa Marta,True,11.129372,-74.043529,17.66,0.94,"Calle 28 #62-11, Santa Marta, Magdalena, Colombia"
90,Leonel del Durán,Barranquilla,True,11.038781,-74.782842,46.49,1.73,"Calle 13 #52-84, Barranquilla, Atlántico, Colombia"
91,Rico Borja Escamilla,Armenia,True,4.698363,-75.632588,75.07,1.73,"Calle 120 #53-31, Armenia, Quindío, Colombia"
92,Aitana Mariscal Chaparro,Barranquilla,True,10.90927,-74.770379,63.52,0.79,"Calle 112 #3-87, Barranquilla, Atlántico, Colombia"
93,Graciano Bernat,Bogotá,True,4.672134,-74.06695,39.49,2.14,"Calle 77 #62-73, Bogotá, Cundinamarca, Colombia"
94,Salomé Sureda Mateos,Cali,True,3.460052,-76.509475,61.83,1.65,"Calle 44 #41-51, Cali, Valle del Cauca, Colombia"
95,Mario Jerez,Tunja,True,5.583584,-73.419563,56.46,0.8,"Calle 59 #47-87, Tunja, Boyacá, Colombia"
96,Alejandra Vicente Oliveras,Pereira,True,4.87462,-75.659518,13.32,1.99,"Calle 41 #57-62, Pereira, Risaralda, Colombia"
97,Claudio Leonel Cervantes Lopez,Neiva,True,2.938504,-75.220712,16.86,0.27,"Calle 79 #57-18, Neiva, Huila, Colombia"
98,Sergio Artigas Sabater,Armenia,True,4.667204,-75.763609,47.04,0.06,"Calle 44 #8-19, Armenia, Quindío, Colombia"
99,Jeremías Nieto Jordán,Medellín,True,6.107265,-75.66593,18.17,2.98,"Calle 14 #56-98, Medellín, Antioquia, Colombia"
100,Rosa María Casanova-Iñiguez,Ibagué,True,4.479886,-75.140195,43.01,1.87,"Calle 4 #4-7, Ibagué, Tolima, Colombia"
101,Salvador Codina Mulet,Santa Marta,True,11.128533,-74.106237,79.3,2.1,"Calle 33 #20-68, Santa Marta, Magdalena, Colombia"
102,Arturo Jáuregui Albero,Santa Marta,True,11.224621,-74.171074,50.92,2.36,"Calle 36 #95-63, Santa Marta, Magdalena, Colombia"
103,Jose Ramón Sandalio Oller Salas,Tunja,True,5.560818,-73.476023,68.04,0.68,"Calle 26 #15-41, Tunja, Boyacá, Colombia"
104,Baudelio Marti-Valls,Pereira,True,4.737053,-75.640165,49.24,1.34,"Calle 61 #43-65, Pereira, Risaralda, Colombia"
105,Lidia Cervera Valero,Tunja,True,5.565211,-73.334391,30.51,0.24,"Calle 114 #11-61, Tunja, Boyacá, Colombia"
106,Juana Adoración Roda Vallés,Pasto,True,1.143936,-77.245185,21.25,2.68,"Calle 112 #16-58, Pasto, Nariño, Colombia"
107,Carina del Torralba,Bogotá,True,4.728547,-74.197262,2.04,1.82,"Calle 118 #68-66, Bogotá, Cundinamarca, Colombia"
108,Felix Mariño Roca,Cartagena,True,10.367611,-75.532667,3.39,1.32,"Calle 3 #69-82, Cartagena, Bolívar, Colombia"
109,Bruno Duran Acedo,Santa Marta,True,11.113131,-74.006406,13.25,1.89,"Calle 78 #81-11, Santa Marta, Magdalena, Colombia"
110,Hernando del Galan,Tunja,True,5.586181,-73.432572,27.25,2.44,"Calle 97 #32-27, Tunja, Boyacá, Colombia"
111,Magdalena Pedrosa Tapia,Villavicencio,True,4.247249,-73.590966,66.52,2.79,"Calle 68 #6-94, Villavicencio, Meta, Colombia"
112,Cristóbal Pomares Olmedo,Barranquilla,True,10.922826,-74.899459,38.6,0.06,"Calle 79 #59-65, Barranquilla, Atlántico, Colombia"
113,Noemí Murcia Moraleda,Bogotá,True,4.708152,-74.039261,32.55,0.76,"Calle 37 #38-39, Bogotá, Cundinamarca, Colombia"
114,Antonia Recio Campoy,Ibagué,True,4.332212,-75.123715,51.58,0.52,"Calle 8 #14-23, Ibagué, Tolima, Colombia"
115,Curro Villar Grau,Cali,True,3.395366,-76.580887,71.22,1.2,"Calle 104 #19-9, Cali, Valle del Cauca, Colombia"
116,Maxi Riquelme-Vives,Manizales,True,5.104241,-75.530165,78.74,1.36,"Calle 61 #91-45, Manizales, Caldas, Colombia"
117,Hilda del Garay,Cartagena,True,10.358122,-75.544593,34.41,2.28,"Calle 90 #72-45, Cartagena, Bolívar, Colombia"
118,Casemiro Miguel Carpio,Tunja,True,5.57937,-73.227192,36.47,2.35,"Calle 39 #70-23, Tunja, Boyacá, Colombia"
119,Brígida Vara Aguirre,Santa Marta,True,11.166534,-74.121431,45.96,0.42,"Calle 74 #3-9, Santa Marta, Magdalena, Colombia"
120,Mar Palomino Piquer,Armenia,True,4.683718,-75.514172,24.75,2.69,"Calle 73 #18-14, Armenia, Quindío, Colombia"
121,Rocío Adadia-Hervás,Pereira,True,4.826791,-75.71169,44.24,0.53,"Calle 4 #90-73, Pereira, Risaralda, Colombia"
122,Omar Valderrama Palma,Cali,True,3.483028,-76.484502,26.77,0.94,"Calle 79 #73-40, Cali, Valle del Cauca, Colombia"
123,Gilberto Losa Machado,Medellín,True,6.274657,-75.674949,57.69,0.78,"Calle 50 #93-66, Medellín, Antioquia, Colombia"
124,Dorotea Sánchez Ángel,Medellín,True,6.107125,-75.626585,26.93,1.88,"Calle 3 #99-51, Medellín, Antioquia, Colombia"
125,Candela Nogueira-Manzano,Cali,True,3.416316,-76.410566,32.59,0.63,"Calle 82 #51-30, Cali, Valle del Cauca, Colombia"
126,Fabián Eloy Cerezo Soto,Bogotá,True,4.778563,-74.190255,32.36,1.84,"Calle 21 #57-33, Bogotá, Cundinamarca, Colombia"
127,Ana Sofía Sacristán Cases,Ibagué,True,4.431925,-75.11711,33.94,2.76,"Calle 55 #75-10, Ibagué, Tolima, Colombia"
128,Sara Alberola,Manizales,True,5.078103,-75.513706,45.53,0.35,"Calle 16 #18-15, Manizales, Caldas, Colombia"
129,Amor Salom Alonso,Cali,True,3.428945,-76.549897,64.71,1.37,"Calle 50 #31-79, Cali, Valle del Cauca, Colombia"
130,Carmelo Rivas Vilaplana,Pasto,True,1.255656,-77.313237,15.75,2.16,"Calle 64 #37-4, Pasto, Nariño, Colombia"
131,Xiomara Fabiola Rodríguez Pino,Cali,True,3.496349,-76.587332,52.21,1.46,"Calle 107 #87-16, Cali, Valle del Cauca, Colombia"
132,Áurea Perez Almagro,Ibagué,True,4.485459,-75.165533,44.76,0.95,"Calle 73 #84-50, Ibagué, Tolima, Colombia"
133,Paloma Gabaldón Calvet,Pasto,True,1.1389,-77.364835,3.81,2.5,"Calle 26 #26-15, Pasto, Nariño, Colombia"
134,Mateo Alonso Morera Romero,Villavicencio,True,4.243996,-73.507538,54.53,2.92,"Calle 6 #11-95, Villavicencio, Meta, Colombia"
135,Rosenda Acedo Carballo,Pereira,True,4.733247,-75.738697,47.55,0.51,"Calle 57 #24-43, Pereira, Risaralda, Colombia"
136,María Cristina Arenas Echevarría,Cartagena,True,10.474031,-75.551198,55.75,0.66,"Calle 85 #49-80, Cartagena, Bolívar, Colombia"
137,Guadalupe Fabregat,Bucaramanga,True,7.145736,-73.123793,35.93,1.94,"Calle 65 #32-89, Bucaramanga, Santander, Colombia"
138,Enrique Losa Mancebo,Villavicencio,True,4.063972,-73.779794,29.52,1.18,"Calle 106 #91-78, Villavicencio, Meta, Colombia"
139,Andrés Felipe Carnero Coloma,Santa Marta,True,11.223842,-74.149992,39.48,1.17,"Calle 49 #55-18, Santa Marta, Magdalena, Colombia"
140,Martín Alcalá Pombo,Manizales,True,5.152505,-75.425796,57.2,1.04,"Calle 48 #30-24, Manizales, Caldas, Colombia"
141,Natividad Barros-Figueras,Pasto,True,1.280201,-77.216708,19.41,2.64,"Calle 17 #55-61, Pasto, Nariño, Colombia"
142,Josué Arco Martorell,Bogotá,True,4.751099,-74.103161,58.99,0.56,"Calle 45 #70-35, Bogotá, Cundinamarca, Colombia"
143,Esperanza Tapia,Pereira,True,4.736665,-75.778713,79.96,2.57,"Calle 111 #22-63, Pereira, Risaralda, Colombia"
144,Dalila Balaguer-Téllez,Ibagué,True,4.463404,-75.255616,16.78,1.55,"Calle 86 #80-53, Ibagué, Tolima, Colombia"
145,Hugo Mur Vazquez,Barranquilla,True,10.920492,-74.708529,9.34,1.76,"Calle 118 #52-91, Barranquilla, Atlántico, Colombia"
146,Maricela Luisina Cal Company,Villavicencio,True,4.244981,-73.541322,64.91,1.54,"Calle 100 #66-60, Villavicencio, Meta, Colombia"
147,Amanda Castilla González,Medellín,True,6.145877,-75.572545,45.69,1.93,"Calle 71 #86-90, Medellín, Antioquia, Colombia"
148,Leyre Débora Nicolau Coronado,Barranquilla,True,10.906766,-74.807073,63.01,0.4,"Calle 120 #66-68, Barranquilla, Atlántico, Colombia"
149,Javier Arana Merino,Neiva,True,2.90128,-75.334036,37.68,1.54,"Calle 26 #93-63, Neiva, Huila, Colombia"
150,Adora Valcárcel Flor,Medellín,True,6.278726,-75.657128,17.62,2.75,"Calle 83 #75-93, Medellín, Antioquia, Colombia"
151,Andrea Bárcena Bejarano,Cartagena,True,10.343274,-75.403986,74.6,0.96,"Calle 81 #31-73, Cartagena, Bolívar, Colombia"
152,Almudena de Mur,Armenia,True,4.493571,-75.781536,25.72,1.58,"Calle 19 #89-83, Armenia, Quindío, Colombia"
153,Edgardo Ángel Navarrete,Manizales,True,5.058154,-75.582056,57.5,1.94,"Calle 39 #90-6, Manizales, Caldas, Colombia"
154,Paloma Patricia Carballo Egea,Tunja,True,5.530245,-73.325608,54.46,0.3,"Calle 42 #8-46, Tunja, Boyacá, Colombia"
155,Manolo Iñiguez Mármol,Barranquilla,True,10.916842,-74.814802,18.62,0.87,"Calle 97 #68-85, Barranquilla, Atlántico, Colombia"
156,Dionisia Gascón Berrocal,Barranquilla,True,10.956969,-74.765904,41.9,2.04,"Calle 21 #32-81, Barranquilla, Atlántico, Colombia"
157,Luis Valcárcel Lago,Manizales,True,5.028951,-75.51765,40.74,1.58,"Calle 49 #38-72, Manizales, Caldas, Colombia"
158,Dulce Porras-Rosa,Medellín,True,6.325505,-75.677138,53.91,2.26,"Calle 102 #28-5, Medellín, Antioquia, Colombia"
159,Florina Paredes Garmendia,Tunja,True,5.448629,-73.355626,11.54,0.04,"Calle 89 #67-54, Tunja, Boyacá, Colombia"
160,Clímaco Andreu,Manizales,True,5.136376,-75.561576,36.36,2.09,"Calle 100 #62-72, Manizales, Caldas, Colombia"
161,Jeremías Galan-Macías,Ibagué,True,4.412158,-75.154755,51.58,1.59,"Calle 32 #78-79, Ibagué, Tolima, Colombia"
162,Maricruz Alondra Salinas Puig,Pasto,True,1.191262,-77.167382,75.16,1.95,"Calle 56 #89-49, Pasto, Nariño, Colombia"
163,Néstor Palacios Madrid,Cartagena,True,10.393282,-75.513222,0.43,0.32,"Calle 87 #4-33, Cartagena, Bolívar, Colombia"
164,Olga Pujadas Ureña,Barranquilla,True,10.971329,-74.812735,58.36,2.85,"Calle 66 #16-28, Barranquilla, Atlántico, Colombia"
165,Arturo Sastre Ibáñez,Ibagué,True,4.368355,-75.238297,62.12,2.95,"Calle 48 #63-32, Ibagué, Tolima, Colombia"
166,Pepe Gil Arellano,Pasto,True,1.162582,-77.12418,58.35,2.95,"Calle 76 #34-51, Pasto, Nariño, Colombia"
167,Jose Miguel Andreu Bayo,Pasto,True,1.154038,-77.242229,52.58,0.63,"Calle 81 #43-52, Pasto, Nariño, Colombia"
168,Purificación Montenegro Trujillo,Bogotá,True,4.777755,-74.085889,39.09,0.22,"Calle 41 #70-89, Bogotá, Cundinamarca, Colombia"
169,José María Segura Moll,Pereira,True,4.710203,-75.797197,25.58,1.15,"Calle 76 #5-45, Pereira, Risaralda, Colombia"
170,África García Canet,Cali,True,3.360888,-76.517441,23.51,1.52,"Calle 35 #97-79, Cali, Valle del Cauca, Colombia"
171,Vito Rodríguez Duarte,Barranquilla,True,11.06873,-74.82977,17.86,2.52,"Calle 109 #23-12, Barranquilla, Atlántico, Colombia"
172,Alejo Acedo Naranjo,Barranquilla,True,10.982391,-74.717426,49.8,1.91,"Calle 12 #44-1, Barranquilla, Atlántico, Colombia"
173,Saturnina Carreño-Rueda,Bogotá,True,4.596112,-74.155641,71.85,2.74,"Calle 83 #84-58, Bogotá, Cundinamarca, Colombia"
174,Kike Báez Giner,Armenia,True,4.569482,-75.691018,52.04,2.25,"Calle 89 #90-64, Armenia, Quindío, Colombia"
175,Jacobo Murillo Seguí,Bucaramanga,True,7.121514,-73.162097,23.98,0.35,"Calle 14 #29-19, Bucaramanga, Santander, Colombia"
176,Apolinar Villar-Bello,Bogotá,True,4.55772,-74.045857,69.89,1.13,"Calle 19 #39-78, Bogotá, Cundinamarca, Colombia"
177,María Ángeles Almansa Carreño,Manizales,True,5.120876,-75.565658,56.66,1.01,"Calle 70 #69-8, Manizales, Caldas, Colombia"
178,Rafael Ayala Grande,Cartagena,True,10.460177,-75.441181,65.62,1.95,"Calle 102 #97-33, Cartagena, Bolívar, Colombia"
179,Jordana Molina Jordá,Ibagué,True,4.303567,-75.258344,53.63,0.29,"Calle 113 #15-89, Ibagué, Tolima, Colombia"
180,Anita Amat Moreno,Villavicencio,True,4.139848,-73.508109,6.23,0.5,"Calle 67 #35-82, Villavicencio, Meta, Colombia"
181,Apolonia de Salamanca,Pereira,True,4.770336,-75.765676,69.48,2.8,"Calle 102 #87-63, Pereira, Risaralda, Colombia"
182,Édgar del Riba,Bogotá,True,4.779478,-74.05837,37.39,1.46,"Calle 8 #83-5, Bogotá, Cundinamarca, Colombia"
183,Tadeo del Grande,Ibagué,True,4.490283,-75.218197,2.14,1.27,"Calle 73 #4-58, Ibagué, Tolima, Colombia"
184,Fátima Andrés Río,Medellín,True,6.123393,-75.52525,60.51,1.23,"Calle 100 #33-64, Medellín, Antioquia, Colombia"
185,Belen Bayona Soto,Tunja,True,5.411225,-73.443499,61.97,1.81,"Calle 20 #83-62, Tunja, Boyacá, Colombia"
186,Leocadia Puga Carretero,Manizales,True,5.113603,-75.418716,68.92,1.06,"Calle 93 #44-14, Manizales, Caldas, Colombia"
187,Lidia Oller Montenegro,Cartagena,True,10.486142,-75.571208,37.29,1.07,"Calle 50 #31-63, Cartagena, Bolívar, Colombia"
188,Mateo de Amor,Armenia,True,4.594367,-75.551404,76.32,1.71,"Calle 93 #57-99, Armenia, Quindío, Colombia"
189,Alondra Marta Perales Cáceres,Barranquilla,True,11.095913,-74.737918,54.68,2.7,"Calle 75 #91-17, Barranquilla, Atlántico, Colombia"
190,Epifanio Eligio Tejedor Ugarte,Manizales,True,5.07599,-75.584012,20.64,1.49,"Calle 42 #59-5, Manizales, Caldas, Colombia"
191,Hernando Sáenz Quesada,Pereira,True,4.751122,-75.611425,63.17,0.94,"Calle 94 #28-92, Pereira, Risaralda, Colombia"
192,Candelario Vendrell Agustí,Cartagena,True,10.423177,-75.513174,34.51,0.82,"Calle 28 #21-89, Cartagena, Bolívar, Colombia"
193,Isaías Márquez Guzmán,Bucaramanga,True,7.196686,-73.074702,24.9,2.36,"Calle 74 #62-71, Bucaramanga, Santander, Colombia"
194,Flor Gisbert Villalobos,Pereira,True,4.750643,-75.708414,44.99,1.44,"Calle 4 #59-81, Pereira, Risaralda, Colombia"
195,Leonardo Beltrán Guzman,Bogotá,True,4.726129,-74.092045,18.53,2.37,"Calle 118 #78-10, Bogotá, Cundinamarca, Colombia"
196,Elpidio Cuesta Malo,Santa Marta,True,11.155663,-74.237025,71.03,1.69,"Calle 108 #51-6, Santa Marta, Magdalena, Colombia"
197,Vito Ferreras Palomar,Armenia,True,4.684139,-75.791487,7.88,1.91,"Calle 23 #22-1, Armenia, Quindío, Colombia"
198,Delfina Arévalo Rodriguez,Pereira,True,4.787211,-75.607376,6.49,1.83,"Calle 113 #66-46, Pereira, Risaralda, Colombia"
199,Alonso Pont-Garcés,Manizales,True,5.162776,-75.501805,41.5,2.19,"Calle 64 #55-18, Manizales, Caldas, Colombia"
200,Diego Esparza,Barranquilla,True,10.999501,-74.868883,39.65,1.74,"Calle 24 #5-51, Barranquilla, Atlántico, Colombia"
201,Juan Francisco del Benet,Cali,True,3.467288,-76.479586,78.07,1.11,"Calle 1 #91-54, Cali, Valle del Cauca, Colombia"
202,Seve Granados Ariño,Barranquilla,True,11.077272,-74.750984,6.19,0.14,"Calle 111 #4-67, Barranquilla, Atlántico, Colombia"
203,Francisco Jose Muro-Cabo,Bucaramanga,True,7.133599,-73.138351,48.04,2.12,"Calle 42 #11-75, Bucaramanga, Santander, Colombia"
204,Salud Batlle Amorós,Pasto,True,1.225709,-77.152026,45.2,2.33,"Calle 24 #93-48, Pasto, Nariño, Colombia"
205,Arturo Mendez Bolaños,Tunja,True,5.451351,-73.290679,4.3,0.08,"Calle 112 #17-66, Tunja, Boyacá, Colombia"
206,Dulce Herranz Priego,Pereira,True,4.747081,-75.643238,54.74,2.59,"Calle 60 #60-89, Pereira, Risaralda, Colombia"
207,Toño Gelabert Solera,Tunja,True,5.547239,-73.245012,77.29,0.51,"Calle 3 #7-43, Tunja, Boyacá, Colombia"
208,Fabricio Carnero Salas,Armenia,True,4.602041,-75.670195,19.98,2.24,"Calle 22 #66-66, Armenia, Quindío, Colombia"
209,Bruno Armengol Llabrés,Villavicencio,True,4.037164,-73.567762,78.9,1.41,"Calle 32 #98-84, Villavicencio, Meta, Colombia"
210,Roberta Barreda,Medellín,True,6.170658,-75.693439,33.23,1.89,"Calle 113 #32-37, Medellín, Antioquia, Colombia"
211,Obdulia Antúnez Cuervo,Ibagué,True,4.387968,-75.167933,32.41,1.5,"Calle 56 #96-58, Ibagué, Tolima, Colombia"
212,Joaquín Lucas Franch España,Manizales,True,5.130483,-75.425097,12.28,0.48,"Calle 10 #38-73, Manizales, Caldas, Colombia"
213,Teo del Aguirre,Santa Marta,True,11.188799,-74.085384,62.9,2.34,"Calle 26 #52-93, Santa Marta, Magdalena, Colombia"
214,Amparo Molins Maldonado,Villavicencio,True,4.167769,-73.732064,10.58,2.83,"Calle 42 #34-85, Villavicencio, Meta, Colombia"
215,Azahar Lladó Mayo,Tunja,True,5.458898,-73.325503,63.14,2.79,"Calle 77 #42-23, Tunja, Boyacá, Colombia"
216,Custodia Galvez Calderón,Bucaramanga,True,7.014227,-73.045303,69.47,2.83,"Calle 44 #45-5, Bucaramanga, Santander, Colombia"
217,Natividad Eusebia Navas Zapata,Bogotá,True,4.780967,-74.074336,42.08,1.65,"Calle 17 #81-5, Bogotá, Cundinamarca, Colombia"
218,Vidal Gascón Cabezas,Neiva,True,2.878941,-75.350566,30.45,1.52,"Calle 90 #90-93, Neiva, Huila, Colombia"
219,Jordana Barriga Dalmau,Bucaramanga,True,7.034955,-73.142762,66.47,0.9,"Calle 52 #24-87, Bucaramanga, Santander, Colombia"
220,Ángeles Gil Casanovas,Pasto,True,1.248449,-77.194678,36.45,2.6,"Calle 59 #18-92, Pasto, Nariño, Colombia"
221,Adelina Laguna Llopis,Villavicencio,True,4.21385,-73.779717,10.75,0.05,"Calle 115 #60-44, Villavicencio, Meta, Colombia"
222,Yaiza Mateo Montesinos,Villavicencio,True,4.239403,-73.797288,13.72,1.25,"Calle 34 #10-42, Villavicencio, Meta, Colombia"
223,Roque Ortuño Rivero,Pereira,True,4.727776,-75.620268,57.46,1.34,"Calle 24 #4-73, Pereira, Risaralda, Colombia"
224,Felicidad Sarmiento Castro,Neiva,True,2.971914,-75.119577,43.62,0.39,"Calle 4 #76-31, Neiva, Huila, Colombia"
225,Brunilda del Bayón,Medellín,True,6.131082,-75.598861,33.09,1.33,"Calle 23 #48-26, Medellín, Antioquia, Colombia"
226,Jimena Benavent-Mate,Villavicencio,True,4.105183,-73.569894,29.84,0.17,"Calle 43 #56-17, Villavicencio, Meta, Colombia"
227,Marta Martínez Cabañas,Ibagué,True,4.38981,-75.167072,9.47,2.22,"Calle 80 #79-97, Ibagué, Tolima, Colombia"
228,Ana Belén Guijarro Escobar,Barranquilla,True,10.943258,-74.74664,13.21,1.8,"Calle 107 #70-58, Barranquilla, Atlántico, Colombia"
229,Cayetano Royo Guerrero,Tunja,True,5.507714,-73.455943,24.74,2.83,"Calle 111 #91-78, Tunja, Boyacá, Colombia"
230,Agustina Font Blazquez,Cali,True,3.303429,-76.562023,37.06,2.36,"Calle 119 #15-22, Cali, Valle del Cauca, Colombia"
231,Isaías Bustamante Jaén,Manizales,True,5.04465,-75.569079,26.11,1.63,"Calle 112 #84-89, Manizales, Caldas, Colombia"
232,Ximena Paniagua Nicolás,Villavicencio,True,4.172384,-73.69634,12.32,1.63,"Calle 32 #94-76, Villavicencio, Meta, Colombia"
233,Tere de Azcona,Pasto,True,1.26331,-77.268628,46.49,0.69,"Calle 88 #78-93, Pasto, Nariño, Colombia"
234,Anselma Morán,Medellín,True,6.172372,-75.602207,21.31,1.45,"Calle 90 #86-29, Medellín, Antioquia, Colombia"
235,Juliana de Almeida,Medellín,True,6.177344,-75.578755,38.21,2.83,"Calle 34 #65-59, Medellín, Antioquia, Colombia"
236,Efraín Gámez Lladó,Neiva,True,2.92846,-75.15145,30.32,0.36,"Calle 83 #79-6, Neiva, Huila, Colombia"
237,Nazario Josué Ramis Barral,Villavicencio,True,4.182961,-73.713384,64.35,0.18,"Calle 32 #94-36, Villavicencio, Meta, Colombia"
238,Blanca Soria-Real,Pereira,True,4.726351,-75.648769,64.19,0.63,"Calle 81 #53-87, Pereira, Risaralda, Colombia"
239,Consuelo Gilabert Barba,Santa Marta,True,11.288774,-74.070871,57.39,1.15,"Calle 5 #32-28, Santa Marta, Magdalena, Colombia"
240,Agustín Haroldo Zabaleta Montero,Santa Marta,True,11.188499,-74.235356,5.17,0.12,"Calle 98 #59-30, Santa Marta, Magdalena, Colombia"
241,Manolo Miró-Reina,Pereira,True,4.829112,-75.634859,36.76,2.61,"Calle 78 #82-78, Pereira, Risaralda, Colombia"
242,Lara Dora Velasco Reyes,Pereira,True,4.743761,-75.60859,60.58,0.4,"Calle 87 #36-5, Pereira, Risaralda, Colombia"
243,Antonio Vilalta,Pasto,True,1.189229,-77.263725,61.9,2.04,"Calle 40 #90-91, Pasto, Nariño, Colombia"
244,Fabián Alemán Catalá,Tunja,True,5.581195,-73.29615,25.24,2.23,"Calle 101 #86-30, Tunja, Boyacá, Colombia"
245,Judith del Muro,Armenia,True,4.564398,-75.631952,64.0,2.62,"Calle 17 #86-25, Armenia, Quindío, Colombia"
246,Clarisa Egea Rovira,Barranquilla,True,11.064931,-74.769545,79.94,0.22,"Calle 38 #78-40, Barranquilla, Atlántico, Colombia"
247,Fernanda Donaire Llorens,Ibagué,True,4.480105,-75.244424,30.26,0.1,"Calle 92 #15-37, Ibagué, Tolima, Colombia"
248,Martirio Loreto Revilla Salom,Neiva,True,2.812355,-75.143828,68.78,1.84,"Calle 99 #80-69, Neiva, Huila, Colombia"
249,Adora del Trillo,Santa Marta,True,11.252356,-74.033128,15.98,0.31,"Calle 79 #34-46, Santa Marta, Magdalena, Colombia"
250,Paulino Maestre,Tunja,True,5.530165,-73.237049,73.17,1.07,"Calle 101 #64-44, Tunja, Boyacá, Colombia"
251,Obdulia Rosa Sevillano Samper,Tunja,True,5.43055,-73.325307,9.4,0.22,"Calle 79 #58-14, Tunja, Boyacá, Colombia"
252,María Belén de Paredes,Cali,True,3.390223,-76.582669,22.35,1.0,"Calle 62 #79-37, Cali, Valle del Cauca, Colombia"
253,Clímaco Morell,Armenia,True,4.548895,-75.634017,54.77,2.38,"Calle 96 #79-24, Armenia, Quindío, Colombia"
254,Hernando Torres-Gilabert,Bogotá,True,4.579112,-74.181883,37.32,2.26,"Calle 56 #24-60, Bogotá, Cundinamarca, Colombia"
255,Gustavo Samper Gámez,Tunja,True,5.410104,-73.223094,70.08,1.56,"Calle 44 #30-89, Tunja, Boyacá, Colombia"
256,Isaías Peña Donaire,Ibagué,True,4.35342,-75.284347,32.9,1.49,"Calle 5 #18-21, Ibagué, Tolima, Colombia"
257,Martin Mendizábal Tenorio,Pasto,True,1.192987,-77.348318,13.86,2.93,"Calle 18 #65-48, Pasto, Nariño, Colombia"
258,Soledad Valderrama Gómez,Manizales,True,5.105452,-75.409502,46.29,0.68,"Calle 74 #73-60, Manizales, Caldas, Colombia"
259,Jimena Clavero,Tunja,True,5.537427,-73.217173,51.34,1.79,"Calle 53 #61-72, Tunja, Boyacá, Colombia"
260,Benito del Escribano,Medellín,True,6.233254,-75.63481,18.77,1.25,"Calle 12 #19-40, Medellín, Antioquia, Colombia"
261,Luisa Almeida Guillen,Cartagena,True,10.370513,-75.457778,77.74,0.98,"Calle 34 #63-27, Cartagena, Bolívar, Colombia"
262,Ildefonso de Soria,Medellín,True,6.30174,-75.615045,41.79,1.02,"Calle 120 #47-41, Medellín, Antioquia, Colombia"
263,Emma Mármol Alberdi,Barranquilla,True,11.040158,-74.701147,77.3,2.53,"Calle 80 #59-61, Barranquilla, Atlántico, Colombia"
264,Antonio Villalobos Diaz,Villavicencio,True,4.143362,-73.747604,50.27,1.25,"Calle 94 #32-24, Villavicencio, Meta, Colombia"
265,Ema Baquero Tomas,Pereira,True,4.757417,-75.690736,41.73,1.44,"Calle 5 #20-33, Pereira, Risaralda, Colombia"
266,Prudencio Palacios Benavent,Santa Marta,True,11.279539,-74.041632,28.52,1.36,"Calle 39 #4-97, Santa Marta, Magdalena, Colombia"
267,Graciano Salgado-Maldonado,Manizales,True,5.038452,-75.47096,77.27,0.59,"Calle 22 #11-61, Manizales, Caldas, Colombia"
268,Luciana Checa Montaña,Tunja,True,5.584551,-73.479734,57.32,0.54,"Calle 86 #76-82, Tunja, Boyacá, Colombia"
269,Mirta de Ariño,Armenia,True,4.442726,-75.789244,17.97,2.81,"Calle 28 #52-19, Armenia, Quindío, Colombia"
270,Miguel Castelló Fajardo,Medellín,True,6.265745,-75.543931,32.24,0.12,"Calle 109 #63-19, Medellín, Antioquia, Colombia"
271,Maximiano Fuster Reyes,Cali,True,3.439401,-76.542809,4.05,1.39,"Calle 43 #95-52, Cali, Valle del Cauca, Colombia"
272,Narciso Galvez Ferrero,Cartagena,True,10.45868,-75.429748,55.1,0.91,"Calle 95 #98-3, Cartagena, Bolívar, Colombia"
273,Montserrat Benavent Ayllón,Cartagena,True,10.350547,-75.560649,16.33,1.79,"Calle 59 #33-76, Cartagena, Bolívar, Colombia"
274,Amor Colom Durán,Pasto,True,1.249827,-77.178001,45.15,1.81,"Calle 95 #30-97, Pasto, Nariño, Colombia"
275,Domingo Sandoval-Vélez,Bogotá,True,4.655631,-74.157699,25.6,2.38,"Calle 49 #48-36, Bogotá, Cundinamarca, Colombia"
276,Ariel Coloma Agullo,Pereira,True,4.808078,-75.713544,17.84,0.05,"Calle 76 #29-59, Pereira, Risaralda, Colombia"
277,Filomena de Riba,Bucaramanga,True,7.151344,-73.051802,12.36,2.97,"Calle 50 #20-28, Bucaramanga, Santander, Colombia"
278,Azahar Simó Cerdán,Bucaramanga,True,7.021106,-73.10887,69.52,2.75,"Calle 100 #15-62, Bucaramanga, Santander, Colombia"
279,Luciano Corbacho Agudo,Cali,True,3.382619,-76.448016,50.21,1.54,"Calle 102 #15-43, Cali, Valle del Cauca, Colombia"
280,Pío Saavedra,Santa Marta,True,11.103425,-74.204125,46.52,2.88,"Calle 101 #60-13, Santa Marta, Magdalena, Colombia"
281,Juan Manuel de Acevedo,Medellín,True,6.337812,-75.568022,6.43,0.37,"Calle 59 #60-53, Medellín, Antioquia, Colombia"
282,Ruperta Pinedo Falcón,Barranquilla,True,11.035082,-74.835983,59.19,2.02,"Calle 71 #19-10, Barranquilla, Atlántico, Colombia"
283,Natividad Fortuny Oliva,Medellín,True,6.290307,-75.599942,8.93,1.12,"Calle 107 #44-94, Medellín, Antioquia, Colombia"
284,Maribel Esteve Arcos,Villavicencio,True,4.176735,-73.523056,57.91,1.05,"Calle 17 #72-34, Villavicencio, Meta, Colombia"
285,Eligio Benavent Ocaña,Pasto,True,1.203769,-77.160151,53.96,1.5,"Calle 63 #47-42, Pasto, Nariño, Colombia"
286,Francisco Riba Llano,Bucaramanga,True,7.13323,-73.119145,9.34,2.34,"Calle 87 #38-19, Bucaramanga, Santander, Colombia"
287,Nicolás Flores Noriega,Neiva,True,2.852984,-75.229703,3.31,2.53,"Calle 15 #91-7, Neiva, Huila, Colombia"
288,Selena Macías,Tunja,True,5.598476,-73.343249,54.29,2.53,"Calle 108 #82-95, Tunja, Boyacá, Colombia"
289,Dora Ramirez Laguna,Tunja,True,5.55903,-73.219586,5.21,2.85,"Calle 40 #11-78, Tunja, Boyacá, Colombia"
290,Tadeo Llorens,Santa Marta,True,11.257905,-74.204574,17.71,0.42,"Calle 34 #62-24, Santa Marta, Magdalena, Colombia"
291,Ulises Beltran,Pereira,True,4.723969,-75.605282,72.48,2.53,"Calle 66 #48-2, Pereira, Risaralda, Colombia"
292,Valero Jerez Aznar,Manizales,True,5.186701,-75.576624,53.16,2.44,"Calle 84 #45-56, Manizales, Caldas, Colombia"
293,Herberto Ponce Peñas,Armenia,True,4.510483,-75.680459,76.12,1.45,"Calle 27 #17-17, Armenia, Quindío, Colombia"
294,Ibán Juan José Cruz Calleja,Santa Marta,True,11.234419,-74.278378,26.49,1.09,"Calle 38 #43-95, Santa Marta, Magdalena, Colombia"
295,Eladio Córdoba Díaz,Bogotá,True,4.683531,-74.072869,12.6,2.93,"Calle 31 #46-94, Bogotá, Cundinamarca, Colombia"
296,Maura Arrieta Riquelme,Pasto,True,1.142835,-77.31333,74.33,1.7,"Calle 41 #42-8, Pasto, Nariño, Colombia"
297,Virginia de Verdejo,Tunja,True,5.58396,-73.372793,78.1,1.41,"Calle 32 #33-55, Tunja, Boyacá, Colombia"
298,René Naranjo,Villavicencio,True,4.262498,-73.768889,47.11,0.63,"Calle 118 #41-35, Villavicencio, Meta, Colombia"
299,Marianela Susanita Lluch Arellano,Bogotá,True,4.627217,-74.047944,79.08,1.99,"Calle 112 #54-31, Bogotá, Cundinamarca, Colombia"
300,Mateo Chucho Verdú Cuéllar,Villavicencio,True,4.245806,-73.571478,48.71,0.25,"Calle 39 #18-32, Villavicencio, Meta, Colombia"
301,Íngrid Riquelme Garriga,Ibagué,True,4.327779,-75.15819,37.12,1.43,"Calle 63 #89-29, Ibagué, Tolima, Colombia"
302,Anacleto Sebastián Pedro Iriarte,Barranquilla,True,11.051081,-74.813301,22.98,1.5,"Calle 20 #95-35, Barranquilla, Atlántico, Colombia"
303,Maxi Sastre,Bucaramanga,True,7.162293,-73.108013,10.55,2.03,"Calle 12 #87-98, Bucaramanga, Santander, Colombia"
304,Rosaura Vera Alberola,Villavicencio,True,4.172857,-73.757219,27.54,2.21,"Calle 65 #27-97, Villavicencio, Meta, Colombia"
305,Milagros Yáñez,Bogotá,True,4.666151,-74.188419,57.27,0.36,"Calle 42 #77-65, Bogotá, Cundinamarca, Colombia"
306,Salomón Vilalta Clavero,Bucaramanga,True,7.087505,-73.049037,2.49,1.96,"Calle 5 #32-30, Bucaramanga, Santander, Colombia"
307,Ibán Pardo Salazar,Barranquilla,True,11.03723,-74.840787,73.02,2.17,"Calle 108 #60-7, Barranquilla, Atlántico, Colombia"
308,Evaristo Jove,Medellín,True,6.196407,-75.597147,78.73,2.45,"Calle 104 #53-86, Medellín, Antioquia, Colombia"
309,Nilo Campillo Feliu,Tunja,True,5.419901,-73.24827,36.97,2.29,"Calle 6 #92-94, Tunja, Boyacá, Colombia"
310,Jorge Velasco Gutiérrez,Manizales,True,5.019117,-75.405297,75.23,0.96,"Calle 55 #48-95, Manizales, Caldas, Colombia"
311,Emelina Palacio Leon,Villavicencio,True,4.120469,-73.750693,4.25,1.25,"Calle 60 #60-86, Villavicencio, Meta, Colombia"
312,Lucila Revilla Gonzalo,Bucaramanga,True,7.060967,-73.180856,52.69,2.25,"Calle 115 #6-74, Bucaramanga, Santander, Colombia"
313,Susanita Bernal Rocha,Barranquilla,True,10.979757,-74.894662,11.52,1.31,"Calle 53 #16-11, Barranquilla, Atlántico, Colombia"
314,Tomasa Andrade Alsina,Manizales,True,5.085708,-75.571794,25.95,0.77,"Calle 77 #90-15, Manizales, Caldas, Colombia"
315,Noelia Fonseca-Borrego,Neiva,True,2.983605,-75.123963,49.83,2.08,"Calle 15 #23-81, Neiva, Huila, Colombia"
316,Goyo Teruel-Portero,Bogotá,True,4.652679,-74.117486,11.81,0.69,"Calle 12 #69-61, Bogotá, Cundinamarca, Colombia"
317,Cristian Isaías Abellán Abril,Cartagena,True,10.372838,-75.593201,22.02,2.27,"Calle 14 #22-96, Cartagena, Bolívar, Colombia"
318,Eloy Salas,Barranquilla,True,10.966207,-74.854244,61.58,1.48,"Calle 69 #2-92, Barranquilla, Atlántico, Colombia"
319,Vanesa Aparicio,Santa Marta,True,11.197921,-74.187542,5.4,2.21,"Calle 39 #82-38, Santa Marta, Magdalena, Colombia"
320,Hipólito Farré Maestre,Armenia,True,4.440178,-75.59426,49.41,1.5,"Calle 73 #70-82, Armenia, Quindío, Colombia"
321,Candelaria Múñiz,Villavicencio,True,4.290434,-73.771489,72.16,1.74,"Calle 98 #62-60, Villavicencio, Meta, Colombia"
322,Erasmo Romeu Franch,Manizales,True,5.064716,-75.500803,64.22,0.29,"Calle 6 #61-19, Manizales, Caldas, Colombia"
323,Micaela Palomo-Criado,Barranquilla,True,10.981758,-74.765913,69.53,2.61,"Calle 60 #68-27, Barranquilla, Atlántico, Colombia"
324,Ester Riera,Manizales,True,5.142323,-75.45922,21.36,0.46,"Calle 46 #46-95, Manizales, Caldas, Colombia"
325,Guillermo Garay Belmonte,Bogotá,True,4.513939,-74.023462,27.4,1.4,"Calle 91 #91-82, Bogotá, Cundinamarca, Colombia"
326,Rosendo Rosselló,Medellín,True,6.377574,-75.679568,52.74,1.69,"Calle 75 #74-85, Medellín, Antioquia, Colombia"
327,Carmina Gallardo,Barranquilla,True,11.04758,-74.768585,16.14,1.53,"Calle 74 #2-8, Barranquilla, Atlántico, Colombia"
328,Graciela Anglada Beltran,Villavicencio,True,4.088552,-73.757645,73.65,0.78,"Calle 87 #5-50, Villavicencio, Meta, Colombia"
329,Miguel Noguera Torrecilla,Pasto,True,1.292114,-77.160849,49.07,2.11,"Calle 76 #3-97, Pasto, Nariño, Colombia"
330,Coral María Luisa Chaparro Pina,Tunja,True,5.575191,-73.308183,17.92,1.87,"Calle 27 #54-35, Tunja, Boyacá, Colombia"
331,Juana Oller Naranjo,Pasto,True,1.199483,-77.337929,50.59,2.55,"Calle 88 #65-75, Pasto, Nariño, Colombia"
332,Violeta Bermejo Alcolea,Barranquilla,True,11.037746,-74.875864,52.12,1.26,"Calle 98 #89-61, Barranquilla, Atlántico, Colombia"
333,Mamen Río,Armenia,True,4.562439,-75.554242,12.76,0.62,"Calle 16 #94-40, Armenia, Quindío, Colombia"
334,Milagros Martí Suarez,Barranquilla,True,10.999021,-74.887141,31.26,0.69,"Calle 93 #56-21, Barranquilla, Atlántico, Colombia"
335,Bienvenida Duque Santamaría,Santa Marta,True,11.216683,-74.04181,64.65,0.7,"Calle 66 #46-89, Santa Marta, Magdalena, Colombia"
336,Marino Folch,Bucaramanga,True,7.016882,-73.116498,16.4,2.25,"Calle 113 #32-40, Bucaramanga, Santander, Colombia"
337,Macaria Roma Cardona,Bucaramanga,True,7.128397,-73.058144,73.96,1.57,"Calle 38 #9-86, Bucaramanga, Santander, Colombia"
338,Casandra Alemany Prieto,Medellín,True,6.278824,-75.547902,32.21,2.12,"Calle 50 #20-14, Medellín, Antioquia, Colombia"
339,Vicenta Carvajal Llorens,Pereira,True,4.823644,-75.768671,6.25,0.42,"Calle 58 #43-5, Pereira, Risaralda, Colombia"
340,Maximiano Moll Blázquez,Neiva,True,2.975172,-75.289884,13.67,1.88,"Calle 90 #39-92, Neiva, Huila, Colombia"
341,Teodosio Carreño Guzman,Cartagena,True,10.336815,-75.471406,2.81,0.89,"Calle 79 #37-5, Cartagena, Bolívar, Colombia"
342,Soledad Casanova,Santa Marta,True,11.123831,-74.176669,0.42,1.54,"Calle 115 #35-26, Santa Marta, Magdalena, Colombia"
343,Maricruz Naranjo Vélez,Barranquilla,True,10.916595,-74.728215,56.63,1.14,"Calle 108 #62-50, Barranquilla, Atlántico, Colombia"
344,Clara Batalla Almagro,Armenia,True,4.637724,-75.57514,52.99,1.02,"Calle 29 #72-7, Armenia, Quindío, Colombia"
345,Nicodemo Arranz Capdevila,Cartagena,True,10.41137,-75.415897,3.45,0.57,"Calle 24 #67-18, Cartagena, Bolívar, Colombia"
346,Virginia Sarmiento Menéndez,Cartagena,True,10.349499,-75.503901,52.7,0.5,"Calle 62 #18-65, Cartagena, Bolívar, Colombia"
347,Edgardo Roldán Mur,Cartagena,True,10.384163,-75.516026,48.36,0.03,"Calle 108 #3-9, Cartagena, Bolívar, Colombia"
348,José Antonio del Acuña,Pereira,True,4.796564,-75.778804,22.06,0.15,"Calle 116 #69-58, Pereira, Risaralda, Colombia"
349,María Pilar Ramírez,Villavicencio,True,4.161454,-73.525173,50.8,1.94,"Calle 68 #34-24, Villavicencio, Meta, Colombia"
350,Albino del Abella,Ibagué,True,4.357539,-75.172803,16.12,2.13,"Calle 42 #20-45, Ibagué, Tolima, Colombia"
351,Gertrudis de Torrent,Pasto,True,1.232649,-77.370434,35.89,0.69,"Calle 119 #38-96, Pasto, Nariño, Colombia"
352,Maricela Cabanillas Saldaña,Pereira,True,4.878821,-75.748798,33.84,2.8,"Calle 39 #96-66, Pereira, Risaralda, Colombia"
353,Melchor Báez-Bertrán,Armenia,True,4.652783,-75.7036,58.52,2.64,"Calle 35 #89-73, Armenia, Quindío, Colombia"
354,Sol Casanova,Cali,True,3.438443,-76.505931,75.27,1.33,"Calle 51 #43-10, Cali, Valle del Cauca, Colombia"
355,Marcial Bru Gordillo,Ibagué,True,4.340343,-75.207242,63.37,0.75,"Calle 91 #44-93, Ibagué, Tolima, Colombia"
356,Martina Contreras-Rivas,Cali,True,3.387037,-76.584483,58.15,0.2,"Calle 73 #9-56, Cali, Valle del Cauca, Colombia"
357,Miguela Zapata Rodrigo,Santa Marta,True,11.100371,-74.214029,70.53,0.47,"Calle 116 #45-72, Santa Marta, Magdalena, Colombia"
358,Guillermo Salamanca Torrents,Cartagena,True,10.403877,-75.501173,11.83,0.36,"Calle 18 #63-56, Cartagena, Bolívar, Colombia"
359,Paula Eulalia Español Coll,Cartagena,True,10.442011,-75.457813,24.07,2.09,"Calle 56 #75-9, Cartagena, Bolívar, Colombia"
360,Ruperto Sarmiento,Pasto,True,1.26791,-77.125812,57.85,2.5,"Calle 68 #18-55, Pasto, Nariño, Colombia"
361,Matilde Alma Cid Sancho,Neiva,True,2.967668,-75.180375,46.96,1.09,"Calle 119 #67-56, Neiva, Huila, Colombia"
362,Antonia Correa Bermudez,Villavicencio,True,4.251429,-73.635676,54.32,2.07,"Calle 93 #69-2, Villavicencio, Meta, Colombia"
363,Nicolasa Barragán Asensio,Neiva,True,2.842255,-75.135143,57.85,2.84,"Calle 29 #52-94, Neiva, Huila, Colombia"
364,Nydia Armengol,Cali,True,3.433544,-76.412811,77.85,2.5,"Calle 11 #14-76, Cali, Valle del Cauca, Colombia"
365,Zacarías Uría-Múgica,Bogotá,True,4.510945,-74.049742,13.76,1.1,"Calle 104 #51-32, Bogotá, Cundinamarca, Colombia"
366,Jafet de Sales,Manizales,True,5.009114,-75.522805,73.37,2.8,"Calle 61 #30-77, Manizales, Caldas, Colombia"
367,Lupe Teruel,Ibagué,True,4.430018,-75.271342,60.18,2.27,"Calle 96 #67-48, Ibagué, Tolima, Colombia"
368,Mercedes Madrid Paredes,Pasto,True,1.17006,-77.227883,66.42,1.47,"Calle 48 #39-90, Pasto, Nariño, Colombia"
369,Hector Jurado Bauzà,Villavicencio,True,4.255749,-73.687811,11.46,2.31,"Calle 104 #96-72, Villavicencio, Meta, Colombia"
370,Pancho Lladó-Pavón,Pereira,True,4.849176,-75.645384,10.01,0.08,"Calle 97 #14-90, Pereira, Risaralda, Colombia"
371,Tecla de Carbonell,Tunja,True,5.516863,-73.367721,13.45,0.83,"Calle 25 #15-83, Tunja, Boyacá, Colombia"
372,Elena Bertrán Jordá,Cartagena,True,10.498411,-75.581391,44.0,1.94,"Calle 67 #92-84, Cartagena, Bolívar, Colombia"
373,Pili Regina Cámara Uribe,Cartagena,True,10.371251,-75.553211,72.49,0.44,"Calle 6 #12-50, Cartagena, Bolívar, Colombia"
374,Eligio del Rosell,Manizales,True,5.09737,-75.57565,8.68,0.01,"Calle 6 #31-22, Manizales, Caldas, Colombia"
375,Ruben Carpio Rodriguez,Pasto,True,1.256442,-77.174778,30.38,2.09,"Calle 100 #20-20, Pasto, Nariño, Colombia"
376,Ignacio Zurita Barberá,Ibagué,True,4.409563,-75.205759,59.39,0.61,"Calle 101 #59-69, Ibagué, Tolima, Colombia"
377,Esperanza Campos Carmona,Bogotá,True,4.791588,-74.171528,74.69,1.9,"Calle 104 #69-33, Bogotá, Cundinamarca, Colombia"
378,Hortensia de Barriga,Neiva,True,2.848308,-75.342189,75.78,1.38,"Calle 105 #98-12, Neiva, Huila, Colombia"
379,Martín Dueñas Enríquez,Ibagué,True,4.321294,-75.181746,59.98,0.23,"Calle 37 #16-6, Ibagué, Tolima, Colombia"
380,Adalberto Virgilio Vega López,Medellín,True,6.173957,-75.682372,70.22,1.31,"Calle 91 #14-30, Medellín, Antioquia, Colombia"
381,Wilfredo Armas Bayo,Manizales,True,5.047529,-75.492488,69.97,1.92,"Calle 117 #69-51, Manizales, Caldas, Colombia"
382,Ámbar Arribas Casal,Santa Marta,True,11.278062,-74.178762,20.74,0.98,"Calle 50 #9-28, Santa Marta, Magdalena, Colombia"
383,Estela Torrens Higueras,Villavicencio,True,4.198145,-73.501755,7.97,1.93,"Calle 24 #75-51, Villavicencio, Meta, Colombia"
384,Sancho Diaz-Bartolomé,Tunja,True,5.496638,-73.220584,46.83,0.21,"Calle 32 #52-30, Tunja, Boyacá, Colombia"
385,Lorenza Giner Sandoval,Cartagena,True,10.322191,-75.558807,64.68,0.57,"Calle 53 #35-80, Cartagena, Bolívar, Colombia"
386,Epifanio Rodriguez-Bertrán,Villavicencio,True,4.073413,-73.790005,33.29,1.26,"Calle 46 #7-69, Villavicencio, Meta, Colombia"
387,Paulina Campos Flores,Bogotá,True,4.63667,-74.000756,56.55,2.77,"Calle 31 #18-15, Bogotá, Cundinamarca, Colombia"
388,Teresita Izaguirre Céspedes,Bucaramanga,True,7.142567,-73.018359,54.51,0.87,"Calle 103 #60-27, Bucaramanga, Santander, Colombia"
389,Ruy Cal Bermúdez,Armenia,True,4.549441,-75.681769,77.98,1.56,"Calle 40 #46-15, Armenia, Quindío, Colombia"
390,Toni Perea Pedro,Neiva,True,2.999805,-75.134438,24.38,1.02,"Calle 91 #82-81, Neiva, Huila, Colombia"
391,Ramiro Gallardo Guardiola,Santa Marta,True,11.140331,-74.014844,67.06,0.24,"Calle 76 #33-62, Santa Marta, Magdalena, Colombia"
392,Lucila Carrera Franch,Manizales,True,5.136699,-75.42334,79.58,1.56,"Calle 72 #50-31, Manizales, Caldas, Colombia"
393,Flavio Arnau Aznar,Ibagué,True,4.484477,-75.193021,16.02,0.12,"Calle 31 #37-88, Ibagué, Tolima, Colombia"
394,Valerio Blanco Sastre,Santa Marta,True,11.193287,-74.110769,58.57,0.2,"Calle 49 #98-68, Santa Marta, Magdalena, Colombia"
395,Aroa Alberto Redondo,Pasto,True,1.136554,-77.235137,51.44,1.48,"Calle 115 #78-40, Pasto, Nariño, Colombia"
396,Sabas Peiró Medina,Pereira,True,4.834597,-75.672148,48.8,1.32,"Calle 42 #13-76, Pereira, Risaralda, Colombia"
397,Anastasia Carlos Batlle,Bogotá,True,4.743901,-74.116411,12.1,1.29,"Calle 6 #23-82, Bogotá, Cundinamarca, Colombia"
398,Jordán Vilaplana Coronado,Cali,True,3.387497,-76.472635,46.86,0.71,"Calle 90 #53-37, Cali, Valle del Cauca, Colombia"
399,Jesús Muro Peiró,Manizales,True,5.056963,-75.590913,78.75,1.59,"Calle 41 #88-43, Manizales, Caldas, Colombia"
400,María Mariño Santamaria,Medellín,True,6.144924,-75.58669,53.33,2.47,"Calle 77 #62-41, Medellín, Antioquia, Colombia"
401,Amancio Quirino Bas Díez,Pasto,True,1.28097,-77.214131,43.71,2.25,"Calle 91 #68-53, Pasto, Nariño, Colombia"
402,Noa Montesinos Caballero,Bucaramanga,True,7.115549,-73.022402,74.22,0.35,"Calle 84 #46-94, Bucaramanga, Santander, Colombia"
403,Máximo del Pedro,Villavicencio,True,4.265402,-73.648991,2.62,1.37,"Calle 119 #77-67, Villavicencio, Meta, Colombia"
404,Úrsula Maristela Salamanca Salvador,Tunja,True,5.556505,-73.484876,4.95,0.49,"Calle 54 #94-55, Tunja, Boyacá, Colombia"
405,Ruperta del Font,Villavicencio,True,4.016248,-73.645464,29.31,0.09,"Calle 96 #43-70, Villavicencio, Meta, Colombia"
406,Clara Nuñez Tirado,Barranquilla,True,10.981452,-74.822047,27.94,0.43,"Calle 54 #23-70, Barranquilla, Atlántico, Colombia"
407,Juan Pablo Giralt Parejo,Villavicencio,True,4.022857,-73.601166,44.97,2.29,"Calle 68 #96-95, Villavicencio, Meta, Colombia"
408,Tito León Jordán,Bogotá,True,4.544335,-74.088098,15.91,2.15,"Calle 2 #95-3, Bogotá, Cundinamarca, Colombia"
409,Corona Valero-Cuadrado,Bogotá,True,4.749986,-74.166605,33.8,2.1,"Calle 100 #66-14, Bogotá, Cundinamarca, Colombia"
410,Angelino Benavides-Sierra,Armenia,True,4.644539,-75.514472,5.22,0.14,"Calle 9 #58-26, Armenia, Quindío, Colombia"
411,Carmela Barros Verdejo,Manizales,True,5.096976,-75.57805,53.61,0.42,"Calle 11 #13-36, Manizales, Caldas, Colombia"
412,Duilio Neira Córdoba,Armenia,True,4.406319,-75.736722,36.96,2.94,"Calle 5 #88-53, Armenia, Quindío, Colombia"
413,Loreto de Cobos,Pereira,True,4.793854,-75.722885,0.39,2.58,"Calle 108 #28-30, Pereira, Risaralda, Colombia"
414,Febe Muñoz Cerdán,Pereira,True,4.840618,-75.646995,37.43,0.52,"Calle 35 #69-10, Pereira, Risaralda, Colombia"
415,Teodosio Saturnino Doménech Salgado,Villavicencio,True,4.141772,-73.765106,21.33,1.57,"Calle 59 #87-33, Villavicencio, Meta, Colombia"
416,Victoriano Mauricio Garcia Feliu,Pasto,True,1.174066,-77.277258,15.04,0.12,"Calle 35 #96-81, Pasto, Nariño, Colombia"
417,Jenaro Piquer Escudero,Barranquilla,True,11.099746,-74.871334,54.89,1.44,"Calle 20 #88-58, Barranquilla, Atlántico, Colombia"
418,Verónica del Gallardo,Santa Marta,True,11.144619,-74.186256,57.84,2.1,"Calle 115 #23-79, Santa Marta, Magdalena, Colombia"
419,Amando Pablo Escudero,Santa Marta,True,11.186465,-74.007728,32.63,1.92,"Calle 114 #88-24, Santa Marta, Magdalena, Colombia"
420,Cándido Roman Bilbao,Cartagena,True,10.411399,-75.554368,16.4,1.07,"Calle 112 #18-20, Cartagena, Bolívar, Colombia"
421,Agustín Anguita Malo,Bucaramanga,True,7.059917,-73.131788,59.22,2.36,"Calle 112 #87-97, Bucaramanga, Santander, Colombia"
422,Marcos Sanjuan Delgado,Tunja,True,5.413816,-73.252722,49.67,0.56,"Calle 106 #41-45, Tunja, Boyacá, Colombia"
423,Regina Angulo Tapia,Santa Marta,True,11.202687,-74.022667,7.47,2.19,"Calle 47 #42-11, Santa Marta, Magdalena, Colombia"
424,Corona Carballo Quintana,Cali,True,3.424685,-76.547326,14.9,1.64,"Calle 113 #27-51, Cali, Valle del Cauca, Colombia"
425,Fito Busquets-Velázquez,Tunja,True,5.438208,-73.319701,75.92,1.84,"Calle 48 #68-47, Tunja, Boyacá, Colombia"
426,Luisina Solera Aznar,Manizales,True,5.108301,-75.573467,10.69,2.86,"Calle 61 #49-25, Manizales, Caldas, Colombia"
427,Belen Rios-Company,Medellín,True,6.135817,-75.617578,19.72,1.75,"Calle 44 #95-56, Medellín, Antioquia, Colombia"
428,Carmelita Cerdán-Salamanca,Barranquilla,True,10.959315,-74.788552,11.12,2.73,"Calle 89 #4-96, Barranquilla, Atlántico, Colombia"
429,Isa Doménech Báez,Armenia,True,4.526237,-75.765677,22.31,1.73,"Calle 8 #52-69, Armenia, Quindío, Colombia"
430,Lisandro Requena Arias,Cartagena,True,10.393073,-75.40206,5.68,0.36,"Calle 78 #71-31, Cartagena, Bolívar, Colombia"
431,Plinio Rubén Roman Guitart,Bogotá,True,4.719568,-74.086705,60.91,1.72,"Calle 80 #41-38, Bogotá, Cundinamarca, Colombia"
432,Anabel Carlos Sedano,Cali,True,3.392773,-76.457031,16.17,1.57,"Calle 11 #84-82, Cali, Valle del Cauca, Colombia"
433,Brunilda Carreño Cañete,Manizales,True,5.17853,-75.42814,79.05,0.98,"Calle 28 #50-92, Manizales, Caldas, Colombia"
434,Pelayo Puga Reina,Neiva,True,2.987918,-75.365056,32.96,1.13,"Calle 47 #19-14, Neiva, Huila, Colombia"
435,Manu Correa Bertrán,Bogotá,True,4.787799,-74.154028,1.05,0.98,"Calle 76 #88-32, Bogotá, Cundinamarca, Colombia"
436,Lorenzo Segarra-Boada,Armenia,True,4.508974,-75.615898,32.44,2.71,"Calle 9 #11-95, Armenia, Quindío, Colombia"
437,Tamara Pont Alcolea,Bucaramanga,True,7.128381,-73.001815,10.68,1.34,"Calle 108 #48-1, Bucaramanga, Santander, Colombia"
438,Leire Velasco Herranz,Santa Marta,True,11.171537,-74.150468,8.15,2.57,"Calle 44 #72-2, Santa Marta, Magdalena, Colombia"
439,Marina de Pérez,Pasto,True,1.18203,-77.212718,1.61,0.07,"Calle 12 #34-38, Pasto, Nariño, Colombia"
440,Isabela Rivas,Villavicencio,True,4.074269,-73.591232,12.11,1.82,"Calle 83 #7-39, Villavicencio, Meta, Colombia"
441,Gastón España Pinto,Manizales,True,5.016723,-75.449191,30.71,2.35,"Calle 33 #59-7, Manizales, Caldas, Colombia"
442,Adelaida Rovira-Sabater,Tunja,True,5.57728,-73.214806,67.43,0.57,"Calle 14 #88-51, Tunja, Boyacá, Colombia"
443,Porfirio de Castillo,Villavicencio,True,4.232252,-73.597604,61.48,2.44,"Calle 62 #41-54, Villavicencio, Meta, Colombia"
444,Tecla de Lerma,Bucaramanga,True,7.062036,-73.071905,42.25,2.12,"Calle 105 #14-20, Bucaramanga, Santander, Colombia"
445,Gabriel Zapata Benito,Pasto,True,1.237466,-77.279285,79.55,1.59,"Calle 7 #80-20, Pasto, Nariño, Colombia"
446,Jose Manuel Mas Company,Medellín,True,6.248289,-75.680335,46.35,0.97,"Calle 31 #48-66, Medellín, Antioquia, Colombia"
447,Ramiro Baena Colom,Santa Marta,True,11.196483,-74.097208,74.34,0.56,"Calle 96 #60-9, Santa Marta, Magdalena, Colombia"
448,Inés Vallejo Puga,Cali,True,3.345761,-76.541728,59.97,0.95,"Calle 21 #74-38, Cali, Valle del Cauca, Colombia"
449,Jose Antonio Solera Benavides,Pasto,True,1.267335,-77.233357,54.71,2.76,"Calle 43 #73-79, Pasto, Nariño, Colombia"
450,Amaya Godoy Cardona,Neiva,True,2.902709,-75.154874,43.92,0.89,"Calle 111 #48-26, Neiva, Huila, Colombia"
451,Joaquín Sandoval-Redondo,Pereira,True,4.833855,-75.727737,26.88,1.45,"Calle 49 #64-12, Pereira, Risaralda, Colombia"
452,Emperatriz Izquierdo Herrera,Villavicencio,True,4.187276,-73.610299,63.49,0.8,"Calle 87 #75-69, Villavicencio, Meta, Colombia"
453,Juanito Ricart Puga,Armenia,True,4.583914,-75.774115,45.36,0.36,"Calle 27 #62-37, Armenia, Quindío, Colombia"
454,Pascual de Lillo,Manizales,True,5.070643,-75.450325,7.29,2.72,"Calle 30 #91-11, Manizales, Caldas, Colombia"
455,Pascual Iborra Plana,Barranquilla,True,11.087358,-74.887092,36.47,0.86,"Calle 29 #5-73, Barranquilla, Atlántico, Colombia"
456,Obdulia Vera Maestre Ros,Bogotá,True,4.597093,-74.005712,8.72,0.86,"Calle 117 #64-8, Bogotá, Cundinamarca, Colombia"
457,Aurelio Orozco Crespo,Medellín,True,6.30268,-75.551242,79.81,3.0,"Calle 39 #41-79, Medellín, Antioquia, Colombia"
458,Apolonia Pareja Miró,Pasto,True,1.180493,-77.119637,43.67,1.27,"Calle 16 #14-85, Pasto, Nariño, Colombia"
459,Cristian Hernandez Torres,Barranquilla,True,10.945218,-74.817896,63.16,0.46,"Calle 118 #75-36, Barranquilla, Atlántico, Colombia"
460,Dimas Mario Giner Huguet,Pereira,True,4.804825,-75.672414,55.48,2.67,"Calle 1 #48-50, Pereira, Risaralda, Colombia"
461,Florina Sanz,Bucaramanga,True,7.136435,-73.020522,30.94,1.58,"Calle 63 #14-2, Bucaramanga, Santander, Colombia"
462,Isa Tapia Morata,Manizales,True,5.08175,-75.418852,32.71,2.22,"Calle 109 #90-47, Manizales, Caldas, Colombia"
463,Isabela Vall,Neiva,True,2.830069,-75.324765,72.13,0.76,"Calle 27 #28-41, Neiva, Huila, Colombia"
464,Luis Puerta Márquez,Armenia,True,4.486449,-75.615713,63.45,1.24,"Calle 44 #30-65, Armenia, Quindío, Colombia"
465,Celestino Moles Galiano,Bucaramanga,True,7.131607,-73.179472,52.74,0.53,"Calle 24 #51-21, Bucaramanga, Santander, Colombia"
466,Teobaldo Ledesma Morales,Tunja,True,5.492601,-73.443097,79.43,2.63,"Calle 25 #21-84, Tunja, Boyacá, Colombia"
467,Carmela Abellán Gil,Bucaramanga,True,7.184651,-73.124453,64.96,2.16,"Calle 9 #17-63, Bucaramanga, Santander, Colombia"
468,Eugenia Garzón Jordán,Medellín,True,6.15587,-75.654027,36.6,2.63,"Calle 2 #11-4, Medellín, Antioquia, Colombia"
469,Gaspar Tejera Guijarro,Santa Marta,True,11.172579,-74.019101,5.05,2.69,"Calle 82 #58-55, Santa Marta, Magdalena, Colombia"
470,Coral Loreto Castelló Sandoval,Cartagena,True,10.484636,-75.400372,12.49,0.03,"Calle 99 #31-24, Cartagena, Bolívar, Colombia"
471,Epifanio Rosselló Guzman,Bogotá,True,4.703554,-74.018886,58.58,0.96,"Calle 9 #8-82, Bogotá, Cundinamarca, Colombia"
472,Andrés del Yáñez,Tunja,True,5.564087,-73.449061,50.22,2.82,"Calle 64 #7-72, Tunja, Boyacá, Colombia"
473,Genoveva Jerez Aramburu,Cartagena,True,10.393328,-75.556242,30.43,0.51,"Calle 25 #55-14, Cartagena, Bolívar, Colombia"
474,Lilia Reina,Villavicencio,True,4.205898,-73.533744,36.29,1.49,"Calle 80 #62-82, Villavicencio, Meta, Colombia"
475,Vicente Exposito Gámez,Manizales,True,5.114122,-75.506104,73.93,2.89,"Calle 28 #92-65, Manizales, Caldas, Colombia"
476,Griselda Bello Acedo,Villavicencio,True,4.070354,-73.744691,64.94,2.98,"Calle 34 #96-6, Villavicencio, Meta, Colombia"
477,Ildefonso Yuste Ramirez,Armenia,True,4.560985,-75.604904,11.24,1.68,"Calle 59 #86-87, Armenia, Quindío, Colombia"
478,Lucía Alfaro Sabater,Ibagué,True,4.425568,-75.156945,77.48,0.46,"Calle 8 #18-67, Ibagué, Tolima, Colombia"
479,Cándido Salas Calleja,Cali,True,3.305499,-76.431555,0.39,1.07,"Calle 109 #56-72, Cali, Valle del Cauca, Colombia"
480,Joan Correa Guillen,Ibagué,True,4.333321,-75.153557,58.63,0.98,"Calle 63 #26-72, Ibagué, Tolima, Colombia"
481,Aura Perez-Alfaro,Bucaramanga,True,7.158137,-73.015244,47.36,2.38,"Calle 56 #6-42, Bucaramanga, Santander, Colombia"
482,Claudia del Tovar,Manizales,True,5.162493,-75.577342,61.01,1.61,"Calle 25 #85-96, Manizales, Caldas, Colombia"
483,Viviana del Ibañez,Pereira,True,4.856901,-75.721275,60.31,0.62,"Calle 2 #61-77, Pereira, Risaralda, Colombia"
484,Adalberto Enrique Milla Vaquero,Armenia,True,4.433352,-75.798633,39.26,2.51,"Calle 18 #56-53, Armenia, Quindío, Colombia"
485,Nacho Campillo,Bucaramanga,True,7.194342,-73.101033,5.62,2.17,"Calle 42 #39-23, Bucaramanga, Santander, Colombia"
486,Josefina Madrigal Cabezas,Tunja,True,5.54445,-73.409689,76.04,1.15,"Calle 52 #85-30, Tunja, Boyacá, Colombia"
487,Lupita Infante Cueto,Cartagena,True,10.302678,-75.486352,26.3,1.78,"Calle 93 #45-69, Cartagena, Bolívar, Colombia"
488,Vito Salamanca,Pereira,True,4.718142,-75.615228,6.6,1.82,"Calle 2 #46-97, Pereira, Risaralda, Colombia"
489,Adela Gutierrez Vilalta,Cali,True,3.461908,-76.529529,7.08,1.84,"Calle 119 #22-43, Cali, Valle del Cauca, Colombia"
490,René Ribera Morante,Bogotá,True,4.654806,-74.080499,68.97,1.23,"Calle 50 #71-40, Bogotá, Cundinamarca, Colombia"
491,Asdrubal de Alba,Bucaramanga,True,7.07196,-73.150335,29.24,0.44,"Calle 5 #95-18, Bucaramanga, Santander, Colombia"
492,Moisés Camacho Carrión,Barranquilla,True,11.023124,-74.856816,41.77,0.94,"Calle 83 #94-51, Barranquilla, Atlántico, Colombia"
493,Natalia Ponce-Lloret,Armenia,True,4.41612,-75.546465,64.47,2.56,"Calle 37 #26-65, Armenia, Quindío, Colombia"
494,Nydia Murcia Carranza,Pereira,True,4.746701,-75.745828,72.57,2.04,"Calle 17 #96-91, Pereira, Risaralda, Colombia"
495,Aurora de Peláez,Armenia,True,4.637544,-75.602207,59.65,0.54,"Calle 18 #29-1, Armenia, Quindío, Colombia"
496,Leandro Zapata Cifuentes,Pereira,True,4.831943,-75.640139,25.65,1.92,"Calle 94 #5-74, Pereira, Risaralda, Colombia"
497,Mireia Gomila Clavero,Bogotá,True,4.617722,-74.032726,26.35,0.09,"Calle 102 #40-16, Bogotá, Cundinamarca, Colombia"
498,Amador del Cordero,Neiva,True,2.926662,-75.241443,59.41,2.56,"Calle 37 #60-17, Neiva, Huila, Colombia"
499,Rafa Cortes-Garcés,Manizales,True,5.182623,-75.535893,60.96,0.62,"Calle 38 #79-2, Manizales, Caldas, Colombia"
500,América Anguita-Villalba,Ibagué,True,4.329891,-75.183655,56.03,1.72,"Calle 83 #81-90, Ibagué, Tolima, Colombia"
501,Félix Hidalgo Giner,Barranquilla,True,10.90304,-74.795495,67.63,2.25,"Calle 46 #95-37, Barranquilla, Atlántico, Colombia"
502,Prudencio Martorell,Cali,True,3.40385,-76.508121,5.17,2.94,"Calle 23 #85-54, Cali, Valle del Cauca, Colombia"
503,Gonzalo Castells Nevado,Neiva,True,2.87841,-75.129891,68.55,0.4,"Calle 117 #52-66, Neiva, Huila, Colombia"
504,Adoración Rosado Mur,Santa Marta,True,11.122738,-74.296282,46.7,0.68,"Calle 64 #5-44, Santa Marta, Magdalena, Colombia"
505,Sara de Ripoll,Cartagena,True,10.301181,-75.401777,37.94,1.03,"Calle 103 #69-50, Cartagena, Bolívar, Colombia"
506,Arcelia Moll Pons,Santa Marta,True,11.229782,-74.299882,5.18,2.33,"Calle 78 #22-45, Santa Marta, Magdalena, Colombia"
507,Nayara Cabanillas Segovia,Ibagué,True,4.455262,-75.261768,8.44,2.77,"Calle 8 #62-84, Ibagué, Tolima, Colombia"
508,Humberto Serna Pozuelo,Barranquilla,True,10.91751,-74.711391,22.62,0.73,"Calle 80 #48-51, Barranquilla, Atlántico, Colombia"
509,Valentina Llamas Catalán,Ibagué,True,4.412932,-75.270852,59.72,1.19,"Calle 50 #26-76, Ibagué, Tolima, Colombia"
510,Florina Anselma Menéndez Santana,Cartagena,True,10.467985,-75.462927,24.97,2.46,"Calle 3 #18-33, Cartagena, Bolívar, Colombia"
511,Águeda Neira Torrijos,Medellín,True,6.332521,-75.516656,47.92,1.32,"Calle 41 #73-98, Medellín, Antioquia, Colombia"
512,Andrés Felipe Marqués Barceló,Armenia,True,4.50808,-75.695503,23.47,1.7,"Calle 21 #71-3, Armenia, Quindío, Colombia"
513,Eusebia Calleja Pozo,Pereira,True,4.847049,-75.671482,63.61,2.13,"Calle 104 #72-52, Pereira, Risaralda, Colombia"
514,Luís Menéndez-Egea,Barranquilla,True,11.025549,-74.735565,67.41,0.21,"Calle 119 #9-40, Barranquilla, Atlántico, Colombia"
515,Florinda Bru Morata,Pasto,True,1.136884,-77.265056,36.1,1.92,"Calle 5 #66-76, Pasto, Nariño, Colombia"
516,Cándido de Malo,Cartagena,True,10.347296,-75.570884,69.2,2.22,"Calle 104 #72-6, Cartagena, Bolívar, Colombia"
517,José Antonio Martin,Pereira,True,4.798106,-75.780526,8.98,0.37,"Calle 71 #31-56, Pereira, Risaralda, Colombia"
518,Susanita Tejada-Prada,Barranquilla,True,10.91859,-74.809981,52.09,1.37,"Calle 46 #28-81, Barranquilla, Atlántico, Colombia"
519,Pío Juan Pablo Peral Manjón,Santa Marta,True,11.157024,-74.015899,37.49,0.31,"Calle 30 #85-32, Santa Marta, Magdalena, Colombia"
520,Eligio Marín Bárcena,Bucaramanga,True,7.061092,-73.034775,28.36,1.0,"Calle 88 #4-69, Bucaramanga, Santander, Colombia"
521,Eladio Solano Hervia,Armenia,True,4.577792,-75.703085,17.85,0.76,"Calle 83 #29-54, Armenia, Quindío, Colombia"
522,Alfredo Mulet Alba,Pereira,True,4.850244,-75.674532,20.15,1.28,"Calle 33 #8-76, Pereira, Risaralda, Colombia"
523,Susana Mendizábal Tolosa,Bogotá,True,4.796598,-74.097457,57.51,2.93,"Calle 76 #81-88, Bogotá, Cundinamarca, Colombia"
524,Juanito Aarón Blázquez Roldán,Cali,True,3.39059,-76.565919,74.31,2.12,"Calle 114 #22-84, Cali, Valle del Cauca, Colombia"
525,Ale Gaya Gimeno,Armenia,True,4.592236,-75.683735,49.14,1.36,"Calle 6 #72-95, Armenia, Quindío, Colombia"
526,Isidro Aguilera Alba,Neiva,True,2.867879,-75.245476,68.73,2.43,"Calle 68 #31-47, Neiva, Huila, Colombia"
527,Carlito Araujo,Tunja,True,5.521877,-73.375614,56.1,0.12,"Calle 26 #6-11, Tunja, Boyacá, Colombia"
528,Yéssica Cabrero Piña,Bucaramanga,True,7.173145,-73.018891,43.64,0.46,"Calle 112 #1-9, Bucaramanga, Santander, Colombia"
529,Benigno Aurelio Chamorro Luna,Tunja,True,5.544662,-73.45088,28.74,1.01,"Calle 25 #70-10, Tunja, Boyacá, Colombia"
530,Encarnación Iglesias,Pasto,True,1.120408,-77.13455,14.09,2.33,"Calle 103 #69-58, Pasto, Nariño, Colombia"
531,Ambrosio Macario Camps Márquez,Ibagué,True,4.375306,-75.109125,69.5,1.47,"Calle 88 #27-43, Ibagué, Tolima, Colombia"
532,María Ángeles Navarro Rosales,Bucaramanga,True,7.091155,-73.168615,33.05,0.5,"Calle 109 #75-60, Bucaramanga, Santander, Colombia"
533,Benigna Coloma,Barranquilla,True,11.047273,-74.838902,15.88,0.5,"Calle 70 #64-98, Barranquilla, Atlántico, Colombia"
534,Ana Belén del Céspedes,Cali,True,3.446845,-76.420565,52.7,1.83,"Calle 79 #14-92, Cali, Valle del Cauca, Colombia"
535,Ovidio Iñiguez Hervás,Bucaramanga,True,7.172367,-73.166378,14.07,2.21,"Calle 97 #92-78, Bucaramanga, Santander, Colombia"
536,Ruperto Nicolás,Cartagena,True,10.495108,-75.426907,22.88,2.26,"Calle 77 #50-65, Cartagena, Bolívar, Colombia"
537,Ricarda Aparicio Gallego,Neiva,True,2.983808,-75.108353,30.28,1.12,"Calle 119 #98-62, Neiva, Huila, Colombia"
538,Marisol Berenguer Boada,Cartagena,True,10.46204,-75.484069,37.39,0.92,"Calle 120 #71-93, Cartagena, Bolívar, Colombia"
539,Néstor Salas Ballesteros,Cali,True,3.488942,-76.522258,3.11,2.06,"Calle 21 #4-81, Cali, Valle del Cauca, Colombia"
540,Lucas Sanabria Vergara,Medellín,True,6.148793,-75.526667,53.43,0.66,"Calle 115 #38-1, Medellín, Antioquia, Colombia"
541,Manu Tamarit-Becerra,Cartagena,True,10.373496,-75.563951,23.28,2.01,"Calle 71 #55-36, Cartagena, Bolívar, Colombia"
542,Clotilde Amalia García Ayllón,Medellín,True,6.376563,-75.544028,24.19,2.7,"Calle 26 #63-27, Medellín, Antioquia, Colombia"
543,Evaristo Ballesteros-Vall,Barranquilla,True,11.093584,-74.899573,65.86,1.9,"Calle 36 #22-67, Barranquilla, Atlántico, Colombia"
544,Cipriano Barón Agustín,Pereira,True,4.774548,-75.608655,28.82,2.04,"Calle 80 #80-39, Pereira, Risaralda, Colombia"
545,Marcial Prats Heredia,Bogotá,True,4.678412,-74.031156,33.27,1.85,"Calle 86 #22-82, Bogotá, Cundinamarca, Colombia"
546,Amado Agustí Campos,Barranquilla,True,11.022998,-74.772945,19.54,0.21,"Calle 97 #30-46, Barranquilla, Atlántico, Colombia"
547,Rodrigo Perales Sastre,Cartagena,True,10.391823,-75.560122,30.79,0.95,"Calle 114 #88-18, Cartagena, Bolívar, Colombia"
548,Vito Ángel Pozo Lago,Cali,True,3.31811,-76.453497,69.97,0.46,"Calle 97 #96-3, Cali, Valle del Cauca, Colombia"
549,Amando del Llamas,Pereira,True,4.826243,-75.717374,30.44,2.87,"Calle 93 #45-76, Pereira, Risaralda, Colombia"
550,Ramiro Llamas Becerra,Cartagena,True,10.359574,-75.450928,54.55,2.1,"Calle 19 #89-80, Cartagena, Bolívar, Colombia"
551,Simón Soriano Sotelo,Neiva,True,2.938955,-75.338067,36.83,2.82,"Calle 59 #35-20, Neiva, Huila, Colombia"
552,Narcisa Valcárcel Tomás,Armenia,True,4.422069,-75.719215,27.82,1.55,"Calle 3 #16-36, Armenia, Quindío, Colombia"
553,Carolina Nélida Colom Galán,Villavicencio,True,4.2782,-73.768202,22.11,0.55,"Calle 102 #79-2, Villavicencio, Meta, Colombia"
554,Alejandra Fiol Salom,Manizales,True,5.097417,-75.580389,54.43,2.37,"Calle 14 #87-48, Manizales, Caldas, Colombia"
555,Natividad Vendrell,Ibagué,True,4.38059,-75.202842,38.37,1.88,"Calle 97 #43-60, Ibagué, Tolima, Colombia"
556,Angelino Nuñez,Ibagué,True,4.414861,-75.129344,1.6,2.17,"Calle 57 #36-3, Ibagué, Tolima, Colombia"
557,Hector Goñi Bayo,Armenia,True,4.608779,-75.733018,66.47,1.57,"Calle 12 #66-76, Armenia, Quindío, Colombia"
558,Pía Román Navas,Cartagena,True,10.310249,-75.476354,69.79,2.67,"Calle 86 #20-32, Cartagena, Bolívar, Colombia"
559,Sabina Posada Iglesias,Cartagena,True,10.452258,-75.503174,27.64,0.38,"Calle 28 #22-73, Cartagena, Bolívar, Colombia"
560,Marcos Díaz Acero,Pereira,True,4.738103,-75.698748,36.06,2.54,"Calle 71 #3-30, Pereira, Risaralda, Colombia"
561,Isabel Fabra Cisneros,Bucaramanga,True,7.156768,-73.123517,19.8,2.01,"Calle 58 #87-64, Bucaramanga, Santander, Colombia"
562,Nazario Esteve,Cali,True,3.436828,-76.443489,18.34,0.09,"Calle 69 #47-56, Cali, Valle del Cauca, Colombia"
563,Salvador Garcés Taboada,Bogotá,True,4.542339,-74.09563,60.1,0.17,"Calle 51 #56-51, Bogotá, Cundinamarca, Colombia"
564,Haroldo Galan Zamora,Pasto,True,1.197506,-77.131154,59.65,1.65,"Calle 11 #92-92, Pasto, Nariño, Colombia"
565,Celia Velasco Nicolau,Manizales,True,5.152557,-75.547928,11.47,0.13,"Calle 86 #25-44, Manizales, Caldas, Colombia"
566,Ana Belén Cortina,Barranquilla,True,10.935329,-74.749167,46.9,2.83,"Calle 116 #99-37, Barranquilla, Atlántico, Colombia"
567,Adrián Gallego-Busquets,Neiva,True,2.942494,-75.290531,17.27,1.01,"Calle 20 #13-67, Neiva, Huila, Colombia"
568,Marcelo Armengol Doménech,Bogotá,True,4.583389,-74.011083,38.86,0.45,"Calle 103 #1-49, Bogotá, Cundinamarca, Colombia"
569,Vanesa Vara Lago,Armenia,True,4.653242,-75.681057,11.98,2.04,"Calle 51 #96-85, Armenia, Quindío, Colombia"
570,Marco Giner Delgado,Tunja,True,5.540187,-73.439117,31.72,0.83,"Calle 101 #3-52, Tunja, Boyacá, Colombia"
571,Jovita Armida Amaya Paredes,Pereira,True,4.76214,-75.79506,77.49,0.86,"Calle 36 #88-27, Pereira, Risaralda, Colombia"
572,Melchor Araujo-Chaparro,Neiva,True,2.996615,-75.37225,39.6,1.62,"Calle 52 #57-46, Neiva, Huila, Colombia"
573,Baudelio del Egea,Medellín,True,6.182611,-75.563253,21.9,1.79,"Calle 47 #62-41, Medellín, Antioquia, Colombia"
574,Isa Ibarra Bermúdez,Ibagué,True,4.424649,-75.141189,35.88,1.54,"Calle 96 #24-13, Ibagué, Tolima, Colombia"
575,Susana Olmedo Moreno,Neiva,True,2.86769,-75.336945,14.22,1.93,"Calle 111 #20-12, Neiva, Huila, Colombia"
576,Leticia Rosalía Escobar Zaragoza,Tunja,True,5.544463,-73.384017,43.73,1.85,"Calle 71 #22-11, Tunja, Boyacá, Colombia"
577,Juana Morata Orozco,Pereira,True,4.897244,-75.752428,12.48,2.7,"Calle 111 #67-81, Pereira, Risaralda, Colombia"
578,Nerea Amor Pou,Pasto,True,1.24737,-77.366457,8.9,1.25,"Calle 29 #87-36, Pasto, Nariño, Colombia"
579,Esperanza Galván Chacón,Barranquilla,True,11.05464,-74.760477,58.72,1.99,"Calle 112 #20-6, Barranquilla, Atlántico, Colombia"
580,Chus Vicente-Coello,Armenia,True,4.679507,-75.553463,51.31,2.45,"Calle 89 #92-44, Armenia, Quindío, Colombia"
581,María Del Carmen Vallés Pons,Tunja,True,5.510382,-73.480839,49.44,1.95,"Calle 110 #39-59, Tunja, Boyacá, Colombia"
582,Melchor Crespo Rivera,Barranquilla,True,10.9759,-74.875487,31.85,1.13,"Calle 63 #88-66, Barranquilla, Atlántico, Colombia"
583,Gustavo Ismael Español Soria,Neiva,True,2.897474,-75.355004,50.51,2.07,"Calle 117 #44-50, Neiva, Huila, Colombia"
584,Paloma Peiró Daza,Cartagena,True,10.363988,-75.486362,23.96,0.23,"Calle 117 #99-87, Cartagena, Bolívar, Colombia"
585,Hipólito Jeremías Andrés Torrent,Cali,True,3.329188,-76.445505,9.63,0.81,"Calle 16 #47-19, Cali, Valle del Cauca, Colombia"
586,Chucho Vergara Coll,Barranquilla,True,11.068914,-74.813324,68.82,1.33,"Calle 118 #1-76, Barranquilla, Atlántico, Colombia"
587,Teo de Manzanares,Tunja,True,5.452214,-73.293408,5.24,1.66,"Calle 56 #72-61, Tunja, Boyacá, Colombia"
588,Modesto Cornelio Lledó Quirós,Manizales,True,5.004849,-75.501237,56.97,1.19,"Calle 2 #39-94, Manizales, Caldas, Colombia"
589,Andrés Felipe Roig,Ibagué,True,4.464729,-75.280816,2.1,1.84,"Calle 73 #81-55, Ibagué, Tolima, Colombia"
590,Florentino Carpio Zamorano,Bogotá,True,4.690934,-74.102278,28.63,0.63,"Calle 52 #72-12, Bogotá, Cundinamarca, Colombia"
591,Marco Zabaleta Cortés,Cali,True,3.438941,-76.509163,28.92,1.06,"Calle 52 #86-53, Cali, Valle del Cauca, Colombia"
592,Rosario Cerdán Manrique,Manizales,True,5.075608,-75.526956,76.16,2.49,"Calle 40 #51-47, Manizales, Caldas, Colombia"
593,Armando Palacio Torrens,Tunja,True,5.431678,-73.329063,60.83,0.8,"Calle 96 #21-13, Tunja, Boyacá, Colombia"
594,Aarón Gastón Feijoo Iborra,Cali,True,3.47269,-76.555514,37.96,0.62,"Calle 14 #15-53, Cali, Valle del Cauca, Colombia"
595,Salomón Vazquez Bayona,Neiva,True,2.944863,-75.26467,26.92,1.38,"Calle 82 #6-39, Neiva, Huila, Colombia"
596,Trini Figuerola Prada,Manizales,True,5.148636,-75.489567,58.7,0.3,"Calle 50 #32-95, Manizales, Caldas, Colombia"
597,Natividad Carbonell,Neiva,True,2.838118,-75.29422,67.74,2.76,"Calle 67 #92-95, Neiva, Huila, Colombia"
598,Encarnita Vaquero Sandoval,Pasto,True,1.160468,-77.296216,52.0,2.97,"Calle 110 #93-17, Pasto, Nariño, Colombia"
599,Iris de Ramis,Armenia,True,4.626954,-75.791571,45.7,1.07,"Calle 100 #57-49, Armenia, Quindío, Colombia"
600,Jafet Pedrero,Medellín,True,6.346561,-75.55609,22.11,1.85,"Calle 99 #71-84, Medellín, Antioquia, Colombia"
601,Juan Antonio Castellanos Arias,Villavicencio,True,4.127234,-73.668611,31.91,0.24,"Calle 64 #93-42, Villavicencio, Meta, Colombia"
602,Demetrio Salom Herrero,Pereira,True,4.827493,-75.654041,45.78,1.4,"Calle 91 #41-44, Pereira, Risaralda, Colombia"
603,Félix Ocaña,Cartagena,True,10.477047,-75.445584,72.02,1.36,"Calle 5 #62-19, Cartagena, Bolívar, Colombia"
604,Luz Suarez Ballesteros,Barranquilla,True,11.09278,-74.882083,46.82,2.06,"Calle 8 #60-95, Barranquilla, Atlántico, Colombia"
605,Eulalia Diaz,Pereira,True,4.735884,-75.603924,46.3,0.55,"Calle 74 #70-20, Pereira, Risaralda, Colombia"
606,Gerardo del Blanca,Villavicencio,True,4.053665,-73.603666,14.96,2.48,"Calle 7 #11-4, Villavicencio, Meta, Colombia"
607,Manu Borja Luján,Pasto,True,1.207155,-77.257591,2.26,2.0,"Calle 46 #20-20, Pasto, Nariño, Colombia"
608,Paz Herranz Roura,Barranquilla,True,10.973369,-74.806541,59.28,0.33,"Calle 62 #85-8, Barranquilla, Atlántico, Colombia"
609,Ramona Tirado Costa,Neiva,True,2.975036,-75.145587,13.47,2.34,"Calle 57 #63-69, Neiva, Huila, Colombia"
610,Yago Daza-Rozas,Pasto,True,1.252532,-77.148484,42.57,1.58,"Calle 39 #52-33, Pasto, Nariño, Colombia"
611,Amarilis Nogueira Agullo,Ibagué,True,4.30594,-75.132614,13.31,2.46,"Calle 63 #26-4, Ibagué, Tolima, Colombia"
612,Hernando Rivero Molina,Cartagena,True,10.330518,-75.492391,69.31,0.07,"Calle 86 #53-94, Cartagena, Bolívar, Colombia"
613,Primitivo Piña Gordillo,Neiva,True,2.933206,-75.173428,33.85,0.03,"Calle 4 #76-95, Neiva, Huila, Colombia"
614,Florina Nadal,Villavicencio,True,4.246236,-73.723185,31.88,0.67,"Calle 81 #76-6, Villavicencio, Meta, Colombia"
615,Flavia Naranjo Bolaños,Barranquilla,True,11.089557,-74.799519,3.46,0.3,"Calle 74 #40-37, Barranquilla, Atlántico, Colombia"
616,Antonia Portero Abascal,Bucaramanga,True,7.015354,-73.163326,3.57,0.98,"Calle 4 #39-89, Bucaramanga, Santander, Colombia"
617,Benjamín Prat-Pujadas,Cartagena,True,10.381875,-75.459153,75.6,0.43,"Calle 31 #96-31, Cartagena, Bolívar, Colombia"
618,Febe del Castelló,Medellín,True,6.386097,-75.676231,27.84,2.75,"Calle 99 #84-1, Medellín, Antioquia, Colombia"
619,Maximiliano Varela Rivas,Cali,True,3.417891,-76.415619,33.76,2.48,"Calle 35 #92-84, Cali, Valle del Cauca, Colombia"
620,Bartolomé Berenguer-Salmerón,Cali,True,3.306927,-76.53444,26.35,2.89,"Calle 82 #67-1, Cali, Valle del Cauca, Colombia"
621,Luisina Olmo Carlos,Bogotá,True,4.59547,-74.0022,3.1,1.87,"Calle 80 #34-27, Bogotá, Cundinamarca, Colombia"
622,José Antonio Cases Céspedes,Villavicencio,True,4.257322,-73.611049,65.29,0.02,"Calle 95 #89-67, Villavicencio, Meta, Colombia"
623,Primitiva del Reig,Pasto,True,1.100146,-77.170855,59.68,0.01,"Calle 46 #97-73, Pasto, Nariño, Colombia"
624,Leandra Trillo Caballero,Armenia,True,4.638654,-75.682799,67.29,1.2,"Calle 11 #93-35, Armenia, Quindío, Colombia"
625,Aurora Calderon,Medellín,True,6.315385,-75.658978,3.94,2.87,"Calle 95 #20-88, Medellín, Antioquia, Colombia"
626,Rita Madrid Prats,Santa Marta,True,11.111032,-74.23203,24.08,1.13,"Calle 8 #78-77, Santa Marta, Magdalena, Colombia"
627,Julián Núñez Zabaleta,Tunja,True,5.550316,-73.450384,47.8,2.78,"Calle 72 #58-77, Tunja, Boyacá, Colombia"
628,Renata Cobo Ripoll,Armenia,True,4.693418,-75.788977,11.15,2.69,"Calle 63 #16-75, Armenia, Quindío, Colombia"
629,Bonifacio Núñez Antúnez,Cartagena,True,10.351341,-75.526343,22.41,0.22,"Calle 69 #77-71, Cartagena, Bolívar, Colombia"
630,Juliana Lucas,Bucaramanga,True,7.072451,-73.192521,5.13,0.88,"Calle 101 #7-60, Bucaramanga, Santander, Colombia"
631,África Camps Yuste,Tunja,True,5.448548,-73.283096,27.22,2.11,"Calle 44 #78-3, Tunja, Boyacá, Colombia"
632,Soledad Ledesma Tomás,Santa Marta,True,11.116925,-74.03062,5.19,1.34,"Calle 82 #26-77, Santa Marta, Magdalena, Colombia"
633,Marcela Real Sabater,Armenia,True,4.496824,-75.7895,60.61,2.48,"Calle 77 #63-6, Armenia, Quindío, Colombia"
634,Claudia del Abascal,Medellín,True,6.233746,-75.567287,18.66,2.87,"Calle 116 #36-6, Medellín, Antioquia, Colombia"
635,Marco Goñi Girón,Pasto,True,1.150452,-77.305518,17.7,1.19,"Calle 4 #20-53, Pasto, Nariño, Colombia"
636,Paulina Dávila Torres,Ibagué,True,4.411063,-75.109138,26.71,0.6,"Calle 34 #20-13, Ibagué, Tolima, Colombia"
637,Alex Jesús Arnau Roman,Bogotá,True,4.769008,-74.115407,17.01,2.55,"Calle 76 #97-9, Bogotá, Cundinamarca, Colombia"
638,Marino del Pardo,Ibagué,True,4.373173,-75.279479,48.08,1.69,"Calle 50 #84-96, Ibagué, Tolima, Colombia"
639,Carmela Coloma Palacio,Santa Marta,True,11.219232,-74.232201,36.0,3.0,"Calle 101 #99-5, Santa Marta, Magdalena, Colombia"
640,Diana del Bermejo,Santa Marta,True,11.290576,-74.10842,26.37,0.42,"Calle 71 #74-87, Santa Marta, Magdalena, Colombia"
641,Nazaret Morante-Bermúdez,Bucaramanga,True,7.092816,-73.095055,42.33,2.16,"Calle 32 #93-80, Bucaramanga, Santander, Colombia"
642,Ainoa Valcárcel Ruiz,Villavicencio,True,4.2192,-73.579904,36.63,2.58,"Calle 98 #38-11, Villavicencio, Meta, Colombia"
643,Josefina Alvarado,Cartagena,True,10.339021,-75.484407,45.13,1.09,"Calle 44 #53-51, Cartagena, Bolívar, Colombia"
644,Macario Yuste Cantero,Armenia,True,4.61257,-75.603997,58.1,2.9,"Calle 26 #96-60, Armenia, Quindío, Colombia"
645,Jennifer Gómez Álvarez,Ibagué,True,4.329836,-75.294931,5.75,1.51,"Calle 14 #9-76, Ibagué, Tolima, Colombia"
646,Alexandra Torralba Lledó,Villavicencio,True,4.080899,-73.726719,31.01,0.33,"Calle 118 #93-15, Villavicencio, Meta, Colombia"
647,Eva Pont-Mariño,Armenia,True,4.585344,-75.555673,58.93,1.63,"Calle 87 #62-30, Armenia, Quindío, Colombia"
648,Alberto García Agustín,Santa Marta,True,11.184106,-74.175095,50.76,0.67,"Calle 15 #78-27, Santa Marta, Magdalena, Colombia"
649,Melisa Borrás Suárez,Armenia,True,4.611031,-75.792391,37.92,0.82,"Calle 102 #11-12, Armenia, Quindío, Colombia"
650,Antonia Asenjo Ojeda,Cali,True,3.45043,-76.589884,43.55,0.61,"Calle 4 #21-89, Cali, Valle del Cauca, Colombia"
651,Quirino Téllez-Rosell,Medellín,True,6.27696,-75.663516,69.48,0.7,"Calle 73 #94-54, Medellín, Antioquia, Colombia"
652,Lázaro Acuña Carpio,Cartagena,True,10.475742,-75.520009,44.92,1.56,"Calle 17 #94-49, Cartagena, Bolívar, Colombia"
653,Melisa Alexandra Salcedo Alberola,Cali,True,3.454467,-76.453348,30.98,2.26,"Calle 27 #73-56, Cali, Valle del Cauca, Colombia"
654,Eli Gutiérrez Caro,Pereira,True,4.868359,-75.771445,78.98,1.11,"Calle 12 #85-14, Pereira, Risaralda, Colombia"
655,Nazaret Rodríguez Ribera,Bogotá,True,4.574657,-74.183215,73.12,1.19,"Calle 62 #65-25, Bogotá, Cundinamarca, Colombia"
656,Marcela Palomares Ferrán,Pereira,True,4.757012,-75.730417,60.54,0.71,"Calle 19 #7-78, Pereira, Risaralda, Colombia"
657,Lisandro Solís,Cartagena,True,10.386149,-75.445994,71.4,2.79,"Calle 29 #86-75, Cartagena, Bolívar, Colombia"
658,Úrsula Bonet Mínguez,Armenia,True,4.690396,-75.566924,10.17,0.84,"Calle 34 #41-9, Armenia, Quindío, Colombia"
659,Alejandro Angelino Miralles Carrión,Bucaramanga,True,7.086827,-73.161206,58.0,2.0,"Calle 87 #54-50, Bucaramanga, Santander, Colombia"
660,Esther del Velázquez,Medellín,True,6.105919,-75.515472,54.07,1.73,"Calle 120 #4-17, Medellín, Antioquia, Colombia"
661,Esmeralda Baquero Lucas,Neiva,True,2.932203,-75.378415,22.94,1.29,"Calle 85 #63-27, Neiva, Huila, Colombia"
662,Danilo Ribera Andrade,Bucaramanga,True,7.139481,-73.188484,71.52,2.36,"Calle 39 #90-39, Bucaramanga, Santander, Colombia"
663,Odalys de Azorin,Tunja,True,5.435405,-73.44766,19.48,1.81,"Calle 67 #65-47, Tunja, Boyacá, Colombia"
664,Baltasar Romero Martin,Pasto,True,1.288146,-77.134706,8.39,0.25,"Calle 35 #19-74, Pasto, Nariño, Colombia"
665,Rosario Sanabria Coronado,Villavicencio,True,4.198111,-73.708921,31.91,0.35,"Calle 96 #21-68, Villavicencio, Meta, Colombia"
666,Berta Valenzuela Aragón,Armenia,True,4.626747,-75.598875,17.16,0.89,"Calle 46 #64-93, Armenia, Quindío, Colombia"
667,Reyes Hernández Robles,Neiva,True,2.972569,-75.341319,72.38,0.49,"Calle 51 #2-5, Neiva, Huila, Colombia"
668,Jose Ramón de Jiménez,Cartagena,True,10.394821,-75.507591,14.67,0.59,"Calle 95 #64-8, Cartagena, Bolívar, Colombia"
669,Catalina Salvà Infante,Bucaramanga,True,7.191477,-73.086137,1.15,2.47,"Calle 23 #6-75, Bucaramanga, Santander, Colombia"
670,Ariel Sans,Santa Marta,True,11.279476,-74.159433,46.06,0.53,"Calle 92 #17-38, Santa Marta, Magdalena, Colombia"
671,Epifanio Pizarro Vega,Bogotá,True,4.658563,-74.12462,24.2,1.61,"Calle 103 #67-21, Bogotá, Cundinamarca, Colombia"
672,José María Tormo Baena,Bogotá,True,4.694465,-74.131749,47.48,2.39,"Calle 119 #50-69, Bogotá, Cundinamarca, Colombia"
673,Segismundo Alvarez Santamaría,Barranquilla,True,10.921919,-74.700212,56.88,0.18,"Calle 46 #31-67, Barranquilla, Atlántico, Colombia"
674,Emilia Jara Llorens,Cartagena,True,10.30578,-75.517423,15.12,2.74,"Calle 64 #65-17, Cartagena, Bolívar, Colombia"
675,Rolando Escrivá Mora,Cali,True,3.382202,-76.430631,68.32,1.36,"Calle 99 #97-75, Cali, Valle del Cauca, Colombia"
676,Nereida de Salvà,Villavicencio,True,4.065173,-73.741157,76.55,1.8,"Calle 98 #23-26, Villavicencio, Meta, Colombia"
677,Marisela María Jesús Guerrero Ibarra,Medellín,True,6.399247,-75.6475,15.62,1.61,"Calle 58 #49-23, Medellín, Antioquia, Colombia"
678,Cleto Correa,Villavicencio,True,4.074548,-73.579953,31.75,0.56,"Calle 104 #47-87, Villavicencio, Meta, Colombia"
679,Edmundo Salazar Barranco,Barranquilla,True,11.065887,-74.870223,69.19,1.39,"Calle 97 #68-62, Barranquilla, Atlántico, Colombia"
680,Adriana Aguirre Portillo,Neiva,True,2.89629,-75.311563,38.91,0.85,"Calle 117 #65-1, Neiva, Huila, Colombia"
681,Marcia del Bermúdez,Manizales,True,5.12584,-75.402594,21.92,0.88,"Calle 50 #89-77, Manizales, Caldas, Colombia"
682,Manuel Moll-Pina,Bucaramanga,True,7.099728,-73.094901,75.6,0.08,"Calle 23 #76-52, Bucaramanga, Santander, Colombia"
683,Vicenta Coello Bermudez,Bucaramanga,True,7.002608,-73.188223,74.99,0.33,"Calle 2 #31-50, Bucaramanga, Santander, Colombia"
684,Vanesa Pallarès Polo,Villavicencio,True,4.168939,-73.596752,62.91,1.29,"Calle 45 #19-15, Villavicencio, Meta, Colombia"
685,Fabián Rosa,Tunja,True,5.553207,-73.44866,39.18,0.75,"Calle 41 #40-57, Tunja, Boyacá, Colombia"
686,Teresita Durán Cortes,Manizales,True,5.171731,-75.507362,1.39,1.78,"Calle 94 #3-56, Manizales, Caldas, Colombia"
687,Pía Carrillo Bernad,Pereira,True,4.714641,-75.757377,2.92,0.12,"Calle 7 #75-42, Pereira, Risaralda, Colombia"
688,Sara Donaire Peralta,Bucaramanga,True,7.197887,-73.016664,11.63,0.17,"Calle 64 #52-20, Bucaramanga, Santander, Colombia"
689,Sofía Clavero Pellicer,Villavicencio,True,4.136136,-73.544262,38.04,1.79,"Calle 25 #76-72, Villavicencio, Meta, Colombia"
690,Aránzazu Marco-Peláez,Neiva,True,2.988738,-75.228425,44.23,0.36,"Calle 93 #51-64, Neiva, Huila, Colombia"
691,Juan Osuna Vazquez,Cali,True,3.44377,-76.532715,37.71,1.12,"Calle 46 #8-89, Cali, Valle del Cauca, Colombia"
692,Flavia Abella,Tunja,True,5.433477,-73.321194,41.32,2.21,"Calle 117 #49-88, Tunja, Boyacá, Colombia"
693,Berto Busquets Salom,Pasto,True,1.277426,-77.208989,17.76,1.96,"Calle 95 #34-79, Pasto, Nariño, Colombia"
694,Juan Francisco Landa Tamarit,Villavicencio,True,4.119521,-73.534591,7.02,2.77,"Calle 13 #88-44, Villavicencio, Meta, Colombia"
695,Isaura Macías Cañete,Bogotá,True,4.530635,-74.064439,6.66,1.77,"Calle 72 #3-5, Bogotá, Cundinamarca, Colombia"
696,José Ángel Juan Luis Domínguez Checa,Medellín,True,6.310134,-75.590696,13.68,2.58,"Calle 31 #61-27, Medellín, Antioquia, Colombia"
697,Ainoa Castelló Rivera,Villavicencio,True,4.112877,-73.561171,64.58,2.74,"Calle 17 #70-32, Villavicencio, Meta, Colombia"
698,Ignacia Sobrino Larrañaga,Bogotá,True,4.790242,-74.059881,27.45,0.75,"Calle 82 #25-6, Bogotá, Cundinamarca, Colombia"
699,Vito Poza Rodríguez,Pereira,True,4.845843,-75.751156,34.98,0.12,"Calle 54 #40-99, Pereira, Risaralda, Colombia"
700,Dafne Carlos Olivares,Cartagena,True,10.47744,-75.401196,2.97,0.17,"Calle 39 #95-82, Cartagena, Bolívar, Colombia"
701,Aristides de Samper,Cali,True,3.466161,-76.580452,43.4,1.28,"Calle 2 #93-51, Cali, Valle del Cauca, Colombia"
702,Édgar Fabio Téllez Barrena,Neiva,True,2.936244,-75.33955,21.83,0.53,"Calle 72 #89-94, Neiva, Huila, Colombia"
703,Julio César Hervia-Gutierrez,Santa Marta,True,11.118651,-74.119991,31.37,0.47,"Calle 89 #20-84, Santa Marta, Magdalena, Colombia"
704,Jacinta de Noriega,Neiva,True,2.902605,-75.364474,58.57,2.89,"Calle 108 #65-91, Neiva, Huila, Colombia"
705,Basilio Sandoval Larrañaga,Armenia,True,4.428668,-75.630213,4.99,2.85,"Calle 100 #3-79, Armenia, Quindío, Colombia"
706,Flor Llorens Ayuso,Armenia,True,4.461875,-75.664045,51.64,0.51,"Calle 70 #59-12, Armenia, Quindío, Colombia"
707,Encarnita Frías Lluch,Barranquilla,True,11.076522,-74.854449,78.99,2.74,"Calle 119 #35-65, Barranquilla, Atlántico, Colombia"
708,Anacleto Teobaldo Nicolau Cervantes,Tunja,True,5.47141,-73.21154,68.56,2.43,"Calle 65 #73-93, Tunja, Boyacá, Colombia"
709,Marianela Lobo Roselló,Ibagué,True,4.369797,-75.253266,78.77,0.8,"Calle 64 #16-89, Ibagué, Tolima, Colombia"
710,Luisa Marisela Abascal Castellanos,Ibagué,True,4.33432,-75.204212,71.93,1.0,"Calle 53 #17-92, Ibagué, Tolima, Colombia"
711,Desiderio Bautista Figuerola,Neiva,True,2.937726,-75.141123,74.01,0.58,"Calle 55 #1-56, Neiva, Huila, Colombia"
712,Albano Nebot Ferrer,Pereira,True,4.779129,-75.623499,71.79,1.58,"Calle 46 #90-47, Pereira, Risaralda, Colombia"
713,Horacio del Crespo,Cali,True,3.463397,-76.464644,77.27,2.34,"Calle 9 #52-48, Cali, Valle del Cauca, Colombia"
714,Gerardo Paulino Acero Mármol,Bogotá,True,4.526533,-74.057895,20.93,2.66,"Calle 118 #3-28, Bogotá, Cundinamarca, Colombia"
715,Petrona Oriana Agustín Llamas,Bucaramanga,True,7.18434,-73.100798,26.14,2.46,"Calle 70 #67-53, Bucaramanga, Santander, Colombia"
716,Cosme Lluch Trillo,Pereira,True,4.756691,-75.622334,66.13,0.56,"Calle 91 #8-25, Pereira, Risaralda, Colombia"
717,Marcelo Trillo Benavides,Pereira,True,4.745335,-75.759776,39.78,2.14,"Calle 105 #86-72, Pereira, Risaralda, Colombia"
718,Oriana Eli Amador Castell,Pasto,True,1.141078,-77.335934,31.47,2.24,"Calle 56 #89-19, Pasto, Nariño, Colombia"
719,Adoración Olimpia Agustín Dominguez,Cali,True,3.354358,-76.420227,20.24,2.81,"Calle 27 #85-69, Cali, Valle del Cauca, Colombia"
720,Narcisa de Sala,Cali,True,3.400549,-76.421809,38.77,1.95,"Calle 55 #87-90, Cali, Valle del Cauca, Colombia"
721,Gerardo Lamas,Bucaramanga,True,7.100912,-73.076378,37.97,2.4,"Calle 62 #27-71, Bucaramanga, Santander, Colombia"
722,Hermenegildo Coello Alcázar,Santa Marta,True,11.2654,-74.292209,21.92,0.03,"Calle 40 #82-13, Santa Marta, Magdalena, Colombia"
723,Ileana Martin Corral,Manizales,True,5.127311,-75.470171,0.84,2.21,"Calle 24 #21-40, Manizales, Caldas, Colombia"
724,Dora Daza Jódar,Santa Marta,True,11.260017,-74.238972,6.46,0.53,"Calle 54 #26-1, Santa Marta, Magdalena, Colombia"
725,Mayte Charo Rodríguez Burgos,Neiva,True,2.856924,-75.399098,69.3,2.06,"Calle 23 #61-15, Neiva, Huila, Colombia"
726,Sancho Barrios Ayllón,Neiva,True,2.92444,-75.100385,77.83,2.86,"Calle 53 #74-47, Neiva, Huila, Colombia"
727,Íñigo Quintero Cardona,Pasto,True,1.289147,-77.238088,57.61,0.85,"Calle 46 #64-55, Pasto, Nariño, Colombia"
728,Simón Farré-Gual,Barranquilla,True,11.069762,-74.870638,57.88,0.72,"Calle 65 #40-35, Barranquilla, Atlántico, Colombia"
729,Hugo Vélez,Manizales,True,5.026676,-75.41288,50.23,0.05,"Calle 19 #15-58, Manizales, Caldas, Colombia"
730,Purificación Cámara Suárez,Bogotá,True,4.628946,-74.048793,19.76,1.45,"Calle 35 #3-87, Bogotá, Cundinamarca, Colombia"
731,Leandra Barceló,Pereira,True,4.724355,-75.748216,23.93,1.57,"Calle 106 #79-18, Pereira, Risaralda, Colombia"
732,Abilio Lorenzo Ferrández,Neiva,True,2.855234,-75.319908,40.11,2.52,"Calle 76 #44-79, Neiva, Huila, Colombia"
733,Vito Bru Lozano,Bogotá,True,4.794442,-74.112746,48.6,2.57,"Calle 106 #12-45, Bogotá, Cundinamarca, Colombia"
734,Berto Bautista-Marcos,Manizales,True,5.187812,-75.466246,27.24,1.77,"Calle 87 #85-28, Manizales, Caldas, Colombia"
735,Felisa Valls Naranjo,Pereira,True,4.717757,-75.78045,54.8,1.4,"Calle 64 #27-53, Pereira, Risaralda, Colombia"
736,Ágata Tejedor Arcos,Barranquilla,True,11.081869,-74.755305,45.65,1.31,"Calle 29 #98-72, Barranquilla, Atlántico, Colombia"
737,Cosme Vallés Suarez,Santa Marta,True,11.174546,-74.050043,68.73,0.81,"Calle 39 #23-78, Santa Marta, Magdalena, Colombia"
738,Venceslás Coronado Alberdi,Manizales,True,5.135763,-75.596782,11.84,0.7,"Calle 37 #83-27, Manizales, Caldas, Colombia"
739,Natalio Amaya Pont,Manizales,True,5.019634,-75.543694,58.39,1.73,"Calle 102 #34-34, Manizales, Caldas, Colombia"
740,Iris Vargas Pi,Tunja,True,5.476924,-73.290221,79.92,0.9,"Calle 108 #67-20, Tunja, Boyacá, Colombia"
741,Casemiro Gabaldón Barón,Santa Marta,True,11.237126,-74.071361,4.9,2.51,"Calle 20 #32-20, Santa Marta, Magdalena, Colombia"
742,Julio Murcia Bejarano,Cali,True,3.310716,-76.582632,47.65,1.84,"Calle 36 #62-86, Cali, Valle del Cauca, Colombia"
743,Berto Natanael Alsina Cáceres,Santa Marta,True,11.102396,-74.216482,48.97,1.46,"Calle 43 #37-48, Santa Marta, Magdalena, Colombia"
744,Georgina Rosselló Revilla,Medellín,True,6.206065,-75.58793,31.21,0.7,"Calle 43 #22-98, Medellín, Antioquia, Colombia"
745,Patricio Cerdán Oliver,Cartagena,True,10.406399,-75.440024,35.66,1.61,"Calle 98 #26-72, Cartagena, Bolívar, Colombia"
746,Humberto Crespi Sarmiento,Cali,True,3.368633,-76.470006,37.4,1.58,"Calle 57 #32-11, Cali, Valle del Cauca, Colombia"
747,Yésica Amo Egea,Tunja,True,5.42878,-73.340498,21.09,1.2,"Calle 91 #46-75, Tunja, Boyacá, Colombia"
748,Sarita Miró,Pasto,True,1.191101,-77.169915,27.3,1.28,"Calle 16 #93-92, Pasto, Nariño, Colombia"
749,Milagros Valverde Adadia,Armenia,True,4.678367,-75.644524,20.66,0.26,"Calle 51 #81-37, Armenia, Quindío, Colombia"
750,Marta Ledesma Saura,Ibagué,True,4.44156,-75.298698,46.97,2.7,"Calle 110 #77-22, Ibagué, Tolima, Colombia"
751,Eduardo Roda Mascaró,Ibagué,True,4.489629,-75.137431,67.96,2.25,"Calle 26 #84-27, Ibagué, Tolima, Colombia"
752,Felipa Castejón Teruel,Pereira,True,4.887773,-75.637877,39.13,1.86,"Calle 103 #27-78, Pereira, Risaralda, Colombia"
753,Eugenia Rosales Morales,Cali,True,3.344149,-76.554014,11.55,1.07,"Calle 75 #69-3, Cali, Valle del Cauca, Colombia"
754,Carlito Leal Mariscal,Santa Marta,True,11.297891,-74.003736,66.75,2.43,"Calle 103 #20-10, Santa Marta, Magdalena, Colombia"
755,Bonifacio Coronado Roma,Manizales,True,5.109173,-75.418271,14.22,0.04,"Calle 54 #20-92, Manizales, Caldas, Colombia"
756,Jordán Bravo,Medellín,True,6.285891,-75.531508,77.64,0.59,"Calle 5 #22-6, Medellín, Antioquia, Colombia"
757,Herminia Olivera Batalla,Neiva,True,2.923752,-75.128043,78.31,1.49,"Calle 58 #96-28, Neiva, Huila, Colombia"
758,Benjamín Javier Diéguez Llorente,Pasto,True,1.238838,-77.21454,32.84,0.24,"Calle 118 #17-46, Pasto, Nariño, Colombia"
759,Dan Arnau Pou,Bucaramanga,True,7.029157,-73.117403,47.71,0.17,"Calle 35 #59-32, Bucaramanga, Santander, Colombia"
760,Beatriz Eligia Fajardo Prieto,Pasto,True,1.248032,-77.234792,15.99,1.24,"Calle 24 #57-9, Pasto, Nariño, Colombia"
761,Curro Mas Tejedor,Cali,True,3.48121,-76.599492,40.77,2.49,"Calle 10 #88-80, Cali, Valle del Cauca, Colombia"
762,Anastasia Soto Salazar,Manizales,True,5.0251,-75.505305,33.57,0.61,"Calle 85 #10-29, Manizales, Caldas, Colombia"
763,Carmina del Salamanca,Santa Marta,True,11.103967,-74.195531,56.77,1.2,"Calle 95 #39-79, Santa Marta, Magdalena, Colombia"
764,Bernardita Villa-Sanmartín,Ibagué,True,4.321749,-75.195042,57.19,1.18,"Calle 45 #1-38, Ibagué, Tolima, Colombia"
765,Pascual Nadal Amador,Neiva,True,2.9621,-75.222806,18.84,0.92,"Calle 100 #90-86, Neiva, Huila, Colombia"
766,Plinio Casal Fernandez,Bucaramanga,True,7.028318,-73.037694,66.63,2.71,"Calle 116 #35-24, Bucaramanga, Santander, Colombia"
767,Genoveva Conesa,Armenia,True,4.647809,-75.673357,77.55,1.67,"Calle 67 #97-41, Armenia, Quindío, Colombia"
768,Hipólito de Belda,Bucaramanga,True,7.148422,-73.064458,21.33,1.74,"Calle 92 #20-16, Bucaramanga, Santander, Colombia"
769,Francisco Torrens-Estévez,Medellín,True,6.161454,-75.685299,9.67,1.36,"Calle 10 #17-99, Medellín, Antioquia, Colombia"
770,Gil Paniagua Zamorano,Armenia,True,4.536746,-75.597078,30.77,2.96,"Calle 2 #78-4, Armenia, Quindío, Colombia"
771,Celestino Cortina Jurado,Manizales,True,5.158612,-75.441547,55.26,1.49,"Calle 106 #10-58, Manizales, Caldas, Colombia"
772,Chema del Serrano,Cali,True,3.370828,-76.577265,37.6,1.09,"Calle 43 #83-96, Cali, Valle del Cauca, Colombia"
773,Cipriano Dueñas Codina,Pereira,True,4.881589,-75.670834,77.45,2.69,"Calle 115 #79-47, Pereira, Risaralda, Colombia"
774,Epifanio Plana Cantón,Pereira,True,4.850793,-75.628253,47.33,0.85,"Calle 38 #47-35, Pereira, Risaralda, Colombia"
775,Espiridión Giralt Trujillo,Manizales,True,5.11945,-75.5839,4.9,2.57,"Calle 66 #80-78, Manizales, Caldas, Colombia"
776,Brunilda Rosenda Arellano Diego,Pereira,True,4.791631,-75.638641,35.84,2.09,"Calle 45 #50-24, Pereira, Risaralda, Colombia"
777,María Ángeles Morales Bertrán,Tunja,True,5.463286,-73.323502,28.0,0.93,"Calle 67 #71-44, Tunja, Boyacá, Colombia"
778,Antonio Martinez Lobo,Pereira,True,4.706176,-75.797392,31.13,2.75,"Calle 11 #5-72, Pereira, Risaralda, Colombia"
779,Wilfredo del Rodríguez,Medellín,True,6.342283,-75.663971,4.71,2.7,"Calle 15 #30-25, Medellín, Antioquia, Colombia"
780,Delia Aliaga Sanchez,Tunja,True,5.589251,-73.348075,21.48,1.7,"Calle 21 #52-98, Tunja, Boyacá, Colombia"
781,Leire del Romero,Santa Marta,True,11.277014,-74.118859,12.88,0.99,"Calle 89 #8-59, Santa Marta, Magdalena, Colombia"
782,Florencia Ballester Marin,Medellín,True,6.239322,-75.531255,15.18,2.09,"Calle 12 #96-51, Medellín, Antioquia, Colombia"
783,Julieta Dueñas-Estevez,Manizales,True,5.115804,-75.419921,73.93,2.9,"Calle 39 #32-18, Manizales, Caldas, Colombia"
784,Rosalinda Cardona Gargallo,Tunja,True,5.499545,-73.326302,15.2,2.57,"Calle 88 #63-95, Tunja, Boyacá, Colombia"
785,José Antonio Casals-Marti,Pereira,True,4.842799,-75.605884,23.83,1.99,"Calle 58 #15-35, Pereira, Risaralda, Colombia"
786,Sabina de Antúnez,Manizales,True,5.08149,-75.46008,57.35,0.39,"Calle 48 #45-77, Manizales, Caldas, Colombia"
787,Maricela Benavente Bayo,Ibagué,True,4.38178,-75.161164,49.19,2.3,"Calle 37 #60-83, Ibagué, Tolima, Colombia"
788,Hernán Eusebio Anglada Clemente,Bucaramanga,True,7.008182,-73.1622,13.57,1.2,"Calle 42 #31-90, Bucaramanga, Santander, Colombia"
789,Rodrigo Bosch,Cali,True,3.470665,-76.448421,65.18,1.41,"Calle 117 #26-22, Cali, Valle del Cauca, Colombia"
790,Verónica Sans Carnero,Medellín,True,6.317398,-75.667542,10.39,1.34,"Calle 83 #62-93, Medellín, Antioquia, Colombia"
791,Heraclio Sanjuan Huerta,Manizales,True,5.193331,-75.400117,60.14,0.53,"Calle 55 #94-78, Manizales, Caldas, Colombia"
792,Anacleto Bernad Pi,Pereira,True,4.892717,-75.736808,8.12,2.7,"Calle 87 #94-16, Pereira, Risaralda, Colombia"
793,Celso de Alegre,Cali,True,3.356083,-76.585222,70.51,2.25,"Calle 23 #48-62, Cali, Valle del Cauca, Colombia"
794,Dulce Vicens-Piñol,Tunja,True,5.573291,-73.426689,66.56,1.7,"Calle 38 #10-19, Tunja, Boyacá, Colombia"
795,Bernardo Amorós Cabeza,Cartagena,True,10.389798,-75.599916,41.0,2.69,"Calle 15 #92-33, Cartagena, Bolívar, Colombia"
796,Amelia Tamarit Barrios,Manizales,True,5.153221,-75.446021,58.93,2.75,"Calle 32 #55-1, Manizales, Caldas, Colombia"
797,Lara Salom,Armenia,True,4.444348,-75.743709,9.44,1.18,"Calle 99 #12-74, Armenia, Quindío, Colombia"
798,Emiliano Montserrat-Moliner,Ibagué,True,4.353703,-75.103738,1.73,1.42,"Calle 46 #52-51, Ibagué, Tolima, Colombia"
799,Mercedes Valentín Martin,Santa Marta,True,11.285441,-74.240042,43.21,2.78,"Calle 64 #89-96, Santa Marta, Magdalena, Colombia"
800,Gonzalo Escudero Nebot,Pasto,True,1.20704,-77.340645,54.27,1.11,"Calle 111 #58-16, Pasto, Nariño, Colombia"
801,Emelina Tudela Galiano,Manizales,True,5.111746,-75.554639,25.51,2.21,"Calle 92 #97-91, Manizales, Caldas, Colombia"
802,Patricia Soler Galán,Pasto,True,1.233065,-77.20326,42.51,1.16,"Calle 39 #55-86, Pasto, Nariño, Colombia"
803,Natividad Barral Millán,Cali,True,3.488028,-76.469324,51.6,0.92,"Calle 103 #16-72, Cali, Valle del Cauca, Colombia"
804,Luís Arana Bravo,Pasto,True,1.104727,-77.302872,22.45,2.96,"Calle 120 #47-72, Pasto, Nariño, Colombia"
805,Cándido Novoa Cueto,Manizales,True,5.187048,-75.523385,45.59,1.45,"Calle 39 #84-5, Manizales, Caldas, Colombia"
806,Tristán Nogueira Fortuny,Bogotá,True,4.507081,-74.131168,13.83,1.61,"Calle 24 #82-79, Bogotá, Cundinamarca, Colombia"
807,Heraclio Aguilar Toledo,Santa Marta,True,11.134839,-74.236141,10.73,0.34,"Calle 42 #9-5, Santa Marta, Magdalena, Colombia"
808,Anselma Escolano Galán,Cali,True,3.499941,-76.591781,65.54,0.09,"Calle 51 #49-39, Cali, Valle del Cauca, Colombia"
809,Berto Enríquez Palau,Tunja,True,5.599373,-73.277732,55.93,2.21,"Calle 42 #50-94, Tunja, Boyacá, Colombia"
810,Soledad Viñas Guillén,Barranquilla,True,10.961601,-74.710099,27.05,1.84,"Calle 84 #87-4, Barranquilla, Atlántico, Colombia"
811,Carmen Mesa Durán,Neiva,True,2.972178,-75.193785,17.11,2.85,"Calle 62 #86-53, Neiva, Huila, Colombia"
812,Sebastian Arcos González,Manizales,True,5.039102,-75.561409,39.42,0.01,"Calle 16 #38-98, Manizales, Caldas, Colombia"
813,Tomás de Sedano,Tunja,True,5.43332,-73.247862,66.88,1.34,"Calle 15 #79-99, Tunja, Boyacá, Colombia"
814,Joaquín Elías Mayo,Manizales,True,5.09546,-75.443667,69.86,2.38,"Calle 13 #58-50, Manizales, Caldas, Colombia"
815,Felicidad Huertas Reig,Bogotá,True,4.608267,-74.019777,19.02,1.87,"Calle 77 #56-17, Bogotá, Cundinamarca, Colombia"
816,Noa Chamorro Nogués,Barranquilla,True,11.063646,-74.70295,4.38,0.43,"Calle 32 #45-85, Barranquilla, Atlántico, Colombia"
817,Reynaldo Anglada Amorós,Cali,True,3.475046,-76.535874,53.41,0.49,"Calle 67 #44-76, Cali, Valle del Cauca, Colombia"
818,Glauco Mariscal-Narváez,Bucaramanga,True,7.072179,-73.132475,65.4,2.83,"Calle 116 #22-92, Bucaramanga, Santander, Colombia"
819,Esmeralda Guerrero Heredia,Medellín,True,6.305213,-75.562182,47.63,1.16,"Calle 60 #95-16, Medellín, Antioquia, Colombia"
820,Manu Blanca Ropero,Pereira,True,4.763971,-75.601354,58.07,0.43,"Calle 60 #94-5, Pereira, Risaralda, Colombia"
821,Che Reig Dávila,Villavicencio,True,4.117435,-73.531659,23.91,2.3,"Calle 51 #45-71, Villavicencio, Meta, Colombia"
822,Nicolasa Guillen Roldán,Armenia,True,4.612181,-75.545437,43.77,0.11,"Calle 73 #77-90, Armenia, Quindío, Colombia"
823,Lorenzo Esteve Escribano,Ibagué,True,4.34275,-75.153085,79.64,0.75,"Calle 36 #74-97, Ibagué, Tolima, Colombia"
824,Pepito del Casanova,Armenia,True,4.682852,-75.714267,74.88,0.22,"Calle 81 #11-84, Armenia, Quindío, Colombia"
825,Manuelita Santos Escolano,Barranquilla,True,11.0727,-74.718273,61.49,2.59,"Calle 97 #43-29, Barranquilla, Atlántico, Colombia"
826,Miguel Ángel Leal Navarrete,Ibagué,True,4.413878,-75.276553,33.18,0.7,"Calle 7 #76-58, Ibagué, Tolima, Colombia"
827,Pánfilo Perera Gil,Ibagué,True,4.496065,-75.228616,59.78,0.9,"Calle 17 #10-85, Ibagué, Tolima, Colombia"
828,Edgardo Peñas Moll,Medellín,True,6.352013,-75.582181,16.61,2.31,"Calle 88 #81-62, Medellín, Antioquia, Colombia"
829,Luis Ángel Pera,Cali,True,3.416579,-76.554944,32.84,0.58,"Calle 110 #86-24, Cali, Valle del Cauca, Colombia"
830,Rosa María Rosell,Tunja,True,5.564112,-73.467996,7.94,0.16,"Calle 110 #8-97, Tunja, Boyacá, Colombia"
831,Constanza Tejada Jara,Santa Marta,True,11.298189,-74.032094,37.99,0.97,"Calle 44 #42-19, Santa Marta, Magdalena, Colombia"
832,Ana Belén Llanos Corominas,Villavicencio,True,4.239703,-73.66555,4.25,1.35,"Calle 95 #49-56, Villavicencio, Meta, Colombia"
833,Quirino Duarte Cabeza,Armenia,True,4.534023,-75.665559,50.09,1.37,"Calle 26 #41-61, Armenia, Quindío, Colombia"
834,Encarnita Cámara Macías,Cali,True,3.383447,-76.504531,13.04,2.71,"Calle 9 #68-4, Cali, Valle del Cauca, Colombia"
835,Marcial Nadal Río,Pasto,True,1.130182,-77.327189,63.4,0.59,"Calle 77 #75-15, Pasto, Nariño, Colombia"
836,Ariel Tovar,Santa Marta,True,11.296405,-74.238479,12.14,0.52,"Calle 21 #28-82, Santa Marta, Magdalena, Colombia"
837,Quirino Tormo Rivera,Cali,True,3.336713,-76.489167,10.7,1.57,"Calle 52 #93-73, Cali, Valle del Cauca, Colombia"
838,Natividad del Izaguirre,Pereira,True,4.855151,-75.776743,50.98,1.61,"Calle 72 #90-7, Pereira, Risaralda, Colombia"
839,Sol Flor,Ibagué,True,4.306256,-75.156081,47.5,1.11,"Calle 115 #84-21, Ibagué, Tolima, Colombia"
840,Segismundo Falcón Merino,Santa Marta,True,11.266782,-74.067849,37.79,1.78,"Calle 20 #78-56, Santa Marta, Magdalena, Colombia"
841,Ale Marín Vall,Cali,True,3.34872,-76.555525,67.53,0.25,"Calle 68 #88-42, Cali, Valle del Cauca, Colombia"
842,Sofía Mendizábal,Medellín,True,6.236323,-75.589657,26.27,0.75,"Calle 26 #25-98, Medellín, Antioquia, Colombia"
843,Anastasio de Soriano,Pasto,True,1.14777,-77.228137,57.63,2.94,"Calle 68 #74-9, Pasto, Nariño, Colombia"
844,Isidora Zabaleta Ramis,Santa Marta,True,11.284317,-74.139759,74.82,2.8,"Calle 92 #95-88, Santa Marta, Magdalena, Colombia"
845,Rosalinda Pont Yáñez,Pasto,True,1.237709,-77.10904,20.67,0.71,"Calle 50 #66-31, Pasto, Nariño, Colombia"
846,Iris Atienza Barroso,Pereira,True,4.847518,-75.761025,68.43,1.87,"Calle 74 #50-51, Pereira, Risaralda, Colombia"
847,Susana Blazquez Fernandez,Bogotá,True,4.752893,-74.014959,75.14,1.13,"Calle 73 #11-19, Bogotá, Cundinamarca, Colombia"
848,Raúl Santos,Bogotá,True,4.770868,-74.186624,54.16,2.29,"Calle 22 #73-93, Bogotá, Cundinamarca, Colombia"
849,Aarón Cano Lladó,Manizales,True,5.09436,-75.431706,79.28,1.94,"Calle 70 #21-71, Manizales, Caldas, Colombia"
850,Ramona Torrecilla Calvet,Barranquilla,True,10.918119,-74.714944,18.71,0.03,"Calle 36 #61-23, Barranquilla, Atlántico, Colombia"
851,María Luisa Borrás Hervia,Pereira,True,4.755102,-75.616386,17.27,2.33,"Calle 48 #43-41, Pereira, Risaralda, Colombia"
852,Manuela del Moya,Pereira,True,4.739786,-75.666816,72.59,0.05,"Calle 57 #18-20, Pereira, Risaralda, Colombia"
853,Guiomar Torrents,Tunja,True,5.485761,-73.240121,2.41,1.31,"Calle 10 #91-1, Tunja, Boyacá, Colombia"
854,Cristian Montserrat Ribera,Armenia,True,4.579691,-75.563055,54.34,0.63,"Calle 14 #10-16, Armenia, Quindío, Colombia"
855,Olimpia Almansa Moraleda,Bogotá,True,4.785164,-74.158607,14.54,1.38,"Calle 119 #17-1, Bogotá, Cundinamarca, Colombia"
856,Heliodoro Polo Neira,Santa Marta,True,11.195173,-74.044803,78.64,1.43,"Calle 92 #87-57, Santa Marta, Magdalena, Colombia"
857,Violeta Casandra Alberdi Chico,Pereira,True,4.88974,-75.739975,41.81,2.84,"Calle 118 #68-38, Pereira, Risaralda, Colombia"
858,Inmaculada Pinedo Báez,Neiva,True,2.893952,-75.201494,13.26,2.75,"Calle 66 #97-30, Neiva, Huila, Colombia"
859,Ciríaco del Aliaga,Medellín,True,6.321158,-75.518304,45.98,1.53,"Calle 5 #6-53, Medellín, Antioquia, Colombia"
860,Tadeo Canals,Cali,True,3.466091,-76.51357,2.57,2.66,"Calle 44 #56-35, Cali, Valle del Cauca, Colombia"
861,Inés de Peña,Bucaramanga,True,7.092391,-73.177223,7.0,2.25,"Calle 62 #79-20, Bucaramanga, Santander, Colombia"
862,Javiera Campillo Losada,Neiva,True,2.814244,-75.382359,22.32,1.55,"Calle 80 #61-72, Neiva, Huila, Colombia"
863,Susanita de Cerdán,Bucaramanga,True,7.189393,-73.124303,16.47,2.53,"Calle 13 #9-78, Bucaramanga, Santander, Colombia"
864,Elba Sans Porta,Pereira,True,4.871425,-75.618284,28.58,1.67,"Calle 53 #39-62, Pereira, Risaralda, Colombia"
865,Bonifacio Barrena,Bogotá,True,4.637671,-74.171068,4.75,0.43,"Calle 101 #31-81, Bogotá, Cundinamarca, Colombia"
866,Mamen Barros,Neiva,True,2.931352,-75.19,67.53,1.97,"Calle 20 #52-86, Neiva, Huila, Colombia"
867,Eugenio Noriega Pont,Barranquilla,True,11.031527,-74.708912,4.29,0.31,"Calle 48 #84-86, Barranquilla, Atlántico, Colombia"
868,Prudencio Carrasco Olivé,Bogotá,True,4.528511,-74.112619,41.58,2.14,"Calle 13 #71-35, Bogotá, Cundinamarca, Colombia"
869,Ainara Pineda Jimenez,Cartagena,True,10.325954,-75.575961,60.54,2.69,"Calle 78 #63-77, Cartagena, Bolívar, Colombia"
870,Estrella Flavia Batlle Larrañaga,Bogotá,True,4.638871,-74.184768,73.77,2.89,"Calle 117 #71-89, Bogotá, Cundinamarca, Colombia"
871,Rafa Palma Arnau,Armenia,True,4.494244,-75.640853,45.18,0.28,"Calle 109 #59-99, Armenia, Quindío, Colombia"
872,Genoveva Barceló,Tunja,True,5.40673,-73.201185,68.38,0.4,"Calle 3 #27-90, Tunja, Boyacá, Colombia"
873,Pancho Palomo Quintero,Armenia,True,4.506074,-75.606807,1.58,2.33,"Calle 13 #82-3, Armenia, Quindío, Colombia"
874,Quirino Laguna Valenzuela,Medellín,True,6.32408,-75.601322,24.63,2.73,"Calle 10 #69-44, Medellín, Antioquia, Colombia"
875,Jimena Clemente Hernández,Pasto,True,1.179444,-77.104894,75.72,2.95,"Calle 96 #64-76, Pasto, Nariño, Colombia"
876,Nydia Ferrando Cabanillas,Pasto,True,1.167905,-77.248226,51.66,1.24,"Calle 10 #55-33, Pasto, Nariño, Colombia"
877,Luciana Sonia Roman Hervás,Cartagena,True,10.45008,-75.547967,38.03,1.49,"Calle 85 #77-43, Cartagena, Bolívar, Colombia"
878,Baltasar Amat Ferrández,Bogotá,True,4.751078,-74.130922,37.43,1.2,"Calle 41 #7-77, Bogotá, Cundinamarca, Colombia"
879,Felix Calleja Lerma,Tunja,True,5.424031,-73.425626,40.79,1.93,"Calle 73 #48-61, Tunja, Boyacá, Colombia"
880,Eusebia María Del Carmen Vilanova Ballester,Bogotá,True,4.716886,-74.181707,43.6,1.56,"Calle 9 #50-48, Bogotá, Cundinamarca, Colombia"
881,Tania del Quintana,Armenia,True,4.532772,-75.694799,34.95,2.93,"Calle 115 #68-2, Armenia, Quindío, Colombia"
882,Ulises Benavent Feijoo,Ibagué,True,4.349706,-75.199522,75.99,2.55,"Calle 106 #15-11, Ibagué, Tolima, Colombia"
883,Alberto Yáñez Amigó,Bucaramanga,True,7.001229,-73.192044,1.01,1.11,"Calle 5 #21-96, Bucaramanga, Santander, Colombia"
884,Herberto Duran Ros,Bucaramanga,True,7.161121,-73.146034,3.86,0.88,"Calle 89 #68-80, Bucaramanga, Santander, Colombia"
885,Ángeles Casanovas Salmerón,Pasto,True,1.200532,-77.393325,11.39,0.25,"Calle 90 #25-85, Pasto, Nariño, Colombia"
886,Jessica Pinilla Crespi,Santa Marta,True,11.240408,-74.279155,54.77,1.62,"Calle 93 #56-42, Santa Marta, Magdalena, Colombia"
887,Maximiano del Andreu,Barranquilla,True,11.091492,-74.715268,37.02,1.69,"Calle 22 #83-46, Barranquilla, Atlántico, Colombia"
888,Juan Luis Huerta Amorós,Bogotá,True,4.792451,-74.035972,20.79,2.42,"Calle 101 #92-17, Bogotá, Cundinamarca, Colombia"
889,Mateo del Barreda,Barranquilla,True,10.935677,-74.708517,31.4,1.84,"Calle 22 #58-9, Barranquilla, Atlántico, Colombia"
890,Arcelia Pombo Barberá,Bucaramanga,True,7.029833,-73.047941,51.89,0.91,"Calle 53 #25-23, Bucaramanga, Santander, Colombia"
891,Juanito Alba-Peña,Armenia,True,4.578591,-75.713756,15.47,2.2,"Calle 60 #87-43, Armenia, Quindío, Colombia"
892,Reyes Vall Mármol,Pereira,True,4.851901,-75.748838,21.34,1.76,"Calle 120 #37-84, Pereira, Risaralda, Colombia"
893,Alcides Nogués-Granados,Neiva,True,2.886391,-75.322657,27.91,2.41,"Calle 11 #73-44, Neiva, Huila, Colombia"
894,Leandra Tomás-Jimenez,Tunja,True,5.577564,-73.472374,45.66,2.85,"Calle 20 #24-7, Tunja, Boyacá, Colombia"
895,Tatiana de Palmer,Santa Marta,True,11.280542,-74.142916,8.14,1.55,"Calle 89 #47-3, Santa Marta, Magdalena, Colombia"
896,Aurelia Moll Montero,Ibagué,True,4.385811,-75.219234,60.61,0.33,"Calle 93 #11-70, Ibagué, Tolima, Colombia"
897,Cándido de Pons,Bucaramanga,True,7.069904,-73.036298,22.13,0.8,"Calle 112 #78-70, Bucaramanga, Santander, Colombia"
898,Reina Aroca,Manizales,True,5.119412,-75.554511,44.43,2.56,"Calle 23 #74-43, Manizales, Caldas, Colombia"
899,Felicia Loida Alsina Lluch,Cali,True,3.47664,-76.544416,48.6,0.12,"Calle 77 #58-97, Cali, Valle del Cauca, Colombia"
900,Azeneth Fajardo Espejo,Pasto,True,1.14797,-77.148533,59.35,2.27,"Calle 17 #70-23, Pasto, Nariño, Colombia"
901,Irma Juanita Bosch Planas,Villavicencio,True,4.229647,-73.58477,40.69,1.79,"Calle 64 #38-5, Villavicencio, Meta, Colombia"
902,Cecilia Agustín Pujol,Neiva,True,2.942272,-75.165654,30.75,1.36,"Calle 83 #35-59, Neiva, Huila, Colombia"
903,Teresita América Toledo Cáceres,Pereira,True,4.898222,-75.722117,43.3,1.65,"Calle 34 #87-23, Pereira, Risaralda, Colombia"
904,Ariadna Carreño Sabater,Barranquilla,True,11.040957,-74.82896,72.76,2.82,"Calle 63 #94-54, Barranquilla, Atlántico, Colombia"
905,Evaristo Ibáñez,Ibagué,True,4.398313,-75.149423,35.51,1.65,"Calle 88 #73-64, Ibagué, Tolima, Colombia"
906,Juan Manuel Ferrán Montenegro,Cali,True,3.398326,-76.599307,23.1,2.65,"Calle 77 #91-4, Cali, Valle del Cauca, Colombia"
907,Aureliano Cózar Valderrama,Cartagena,True,10.483788,-75.462326,62.25,1.33,"Calle 64 #79-91, Cartagena, Bolívar, Colombia"
908,Lucía Bermudez Mariscal,Ibagué,True,4.442071,-75.237017,22.62,2.5,"Calle 7 #24-90, Ibagué, Tolima, Colombia"
909,Marino Carnero Lopez,Manizales,True,5.089584,-75.492522,45.36,1.06,"Calle 43 #58-24, Manizales, Caldas, Colombia"
910,Angelita Criado Puente,Villavicencio,True,4.261301,-73.564751,46.26,2.42,"Calle 67 #10-76, Villavicencio, Meta, Colombia"
911,Aristides Acevedo Castells,Armenia,True,4.418656,-75.734384,41.83,1.89,"Calle 90 #27-36, Armenia, Quindío, Colombia"
912,Pío Mora,Bucaramanga,True,7.042749,-73.02366,59.08,2.45,"Calle 60 #26-98, Bucaramanga, Santander, Colombia"
913,Cándida Iglesias Fuentes,Medellín,True,6.159919,-75.599081,60.98,2.33,"Calle 11 #76-28, Medellín, Antioquia, Colombia"
914,Leonor Bárbara Abril Orozco,Cartagena,True,10.358741,-75.485968,31.67,2.6,"Calle 60 #49-3, Cartagena, Bolívar, Colombia"
915,Maxi Tamayo,Medellín,True,6.228446,-75.574691,38.77,1.53,"Calle 9 #1-41, Medellín, Antioquia, Colombia"
916,Claudia Cobo Ortega,Neiva,True,2.83656,-75.158311,49.12,1.64,"Calle 38 #39-15, Neiva, Huila, Colombia"
917,Francisca Cano Ponce,Ibagué,True,4.421953,-75.128637,28.18,0.31,"Calle 89 #72-61, Ibagué, Tolima, Colombia"
918,Alba Carranza Galván,Neiva,True,2.926579,-75.283759,37.89,0.9,"Calle 110 #77-28, Neiva, Huila, Colombia"
919,Maristela Domingo,Pereira,True,4.846793,-75.614093,20.23,0.6,"Calle 116 #92-89, Pereira, Risaralda, Colombia"
920,Modesta Santiago Vicens,Neiva,True,2.950286,-75.123963,79.78,1.2,"Calle 61 #50-33, Neiva, Huila, Colombia"
921,Guadalupe Dueñas Somoza,Santa Marta,True,11.217147,-74.096463,17.01,2.82,"Calle 12 #36-71, Santa Marta, Magdalena, Colombia"
922,Gilberto Gallego,Barranquilla,True,10.924916,-74.787961,65.2,1.44,"Calle 118 #56-39, Barranquilla, Atlántico, Colombia"
923,Eliana del Ribas,Pereira,True,4.813959,-75.688894,42.65,0.49,"Calle 14 #86-50, Pereira, Risaralda, Colombia"
924,Calisto Poza Almeida,Barranquilla,True,11.045575,-74.814881,38.94,1.15,"Calle 63 #32-14, Barranquilla, Atlántico, Colombia"
925,Efraín Valenciano Requena,Neiva,True,2.836758,-75.266762,57.57,1.71,"Calle 76 #90-83, Neiva, Huila, Colombia"
926,Antonia Cervantes Baró,Bogotá,True,4.522045,-74.187528,59.39,0.68,"Calle 2 #70-78, Bogotá, Cundinamarca, Colombia"
927,Delia Maza,Cali,True,3.332829,-76.467714,13.09,0.09,"Calle 21 #49-79, Cali, Valle del Cauca, Colombia"
928,Amado Norberto Azcona Lloret,Manizales,True,5.196353,-75.570754,26.9,0.89,"Calle 1 #49-8, Manizales, Caldas, Colombia"
929,Paula Puig Barón,Bogotá,True,4.598777,-74.19362,66.82,0.24,"Calle 36 #51-13, Bogotá, Cundinamarca, Colombia"
930,Juan Pablo Múgica Perelló,Ibagué,True,4.48368,-75.115305,73.83,1.8,"Calle 9 #69-11, Ibagué, Tolima, Colombia"
931,Teófila Lobato,Barranquilla,True,11.09489,-74.70161,15.67,1.97,"Calle 6 #9-20, Barranquilla, Atlántico, Colombia"
932,Raimundo Sebastián Feliu,Cartagena,True,10.375445,-75.480425,69.4,2.7,"Calle 19 #65-75, Cartagena, Bolívar, Colombia"
933,Cristian Figueras Prada,Pasto,True,1.215198,-77.274205,11.15,2.84,"Calle 85 #68-37, Pasto, Nariño, Colombia"
934,Cloe Muñoz Vila,Villavicencio,True,4.082757,-73.535131,54.46,1.77,"Calle 56 #84-78, Villavicencio, Meta, Colombia"
935,Cecilia Cobo,Bucaramanga,True,7.170121,-73.111126,51.35,2.14,"Calle 18 #28-44, Bucaramanga, Santander, Colombia"
936,Chita Cases Roselló,Medellín,True,6.238008,-75.542619,42.58,1.03,"Calle 114 #72-97, Medellín, Antioquia, Colombia"
937,Maura del Rosales,Cartagena,True,10.469907,-75.57056,12.07,2.08,"Calle 39 #93-65, Cartagena, Bolívar, Colombia"
938,Sigfrido Zamora Gomis,Pereira,True,4.702906,-75.723776,13.65,1.53,"Calle 35 #96-12, Pereira, Risaralda, Colombia"
939,Ismael Checa Abril,Bucaramanga,True,7.085955,-73.186929,15.54,1.14,"Calle 19 #81-71, Bucaramanga, Santander, Colombia"
940,Rosalía de Gallo,Cartagena,True,10.351843,-75.599621,41.29,2.94,"Calle 60 #28-11, Cartagena, Bolívar, Colombia"
941,Herberto Marin Priego,Cartagena,True,10.300449,-75.448778,11.52,0.32,"Calle 61 #5-11, Cartagena, Bolívar, Colombia"
942,Jose Luis Gual Hidalgo,Neiva,True,2.937096,-75.386623,15.66,0.31,"Calle 31 #86-47, Neiva, Huila, Colombia"
943,Zoraida Zabala Checa,Ibagué,True,4.453667,-75.106181,54.38,0.48,"Calle 120 #68-38, Ibagué, Tolima, Colombia"
944,Cayetana Rios Martorell,Bogotá,True,4.792688,-74.149182,60.0,0.17,"Calle 15 #50-39, Bogotá, Cundinamarca, Colombia"
945,Apolonia Bayo Salvà,Barranquilla,True,11.088877,-74.833146,55.15,2.82,"Calle 103 #22-63, Barranquilla, Atlántico, Colombia"
946,Nico Trujillo Guillen,Bucaramanga,True,7.115367,-73.069655,38.62,2.5,"Calle 40 #28-46, Bucaramanga, Santander, Colombia"
947,Adolfo Maestre Cañizares,Pereira,True,4.746436,-75.607752,53.46,1.27,"Calle 85 #60-61, Pereira, Risaralda, Colombia"
948,María Ángeles Baquero Galindo,Tunja,True,5.552456,-73.374849,53.07,1.06,"Calle 93 #68-92, Tunja, Boyacá, Colombia"
949,Anacleto Olivera García,Manizales,True,5.063829,-75.529218,73.69,0.1,"Calle 38 #27-29, Manizales, Caldas, Colombia"
950,Flor Adriana Quero Barrena,Barranquilla,True,10.937016,-74.769224,31.68,0.32,"Calle 22 #47-26, Barranquilla, Atlántico, Colombia"
951,Jose Ramón Feliu Andreu,Armenia,True,4.688516,-75.568726,39.35,0.23,"Calle 84 #56-96, Armenia, Quindío, Colombia"
952,Reyes Florentino Sarabia Lorenzo,Pereira,True,4.735111,-75.726433,3.05,0.96,"Calle 22 #94-84, Pereira, Risaralda, Colombia"
953,Olga Florinda Uriarte Fábregas,Bucaramanga,True,7.050195,-73.120627,13.07,0.21,"Calle 59 #96-99, Bucaramanga, Santander, Colombia"
954,Bartolomé del Aguiló,Ibagué,True,4.336556,-75.190409,3.08,2.53,"Calle 70 #10-78, Ibagué, Tolima, Colombia"
955,Plinio Monreal-Rey,Bucaramanga,True,7.107288,-73.144746,35.32,1.98,"Calle 90 #94-45, Bucaramanga, Santander, Colombia"
956,Urbano Gisbert,Tunja,True,5.498234,-73.404573,75.73,0.21,"Calle 106 #32-86, Tunja, Boyacá, Colombia"
957,Esther Castell,Santa Marta,True,11.24386,-74.081779,67.88,0.15,"Calle 18 #42-19, Santa Marta, Magdalena, Colombia"
958,Domitila Puig Tomé,Cali,True,3.389841,-76.571823,69.24,1.1,"Calle 64 #40-16, Cali, Valle del Cauca, Colombia"
959,Lupe Pozo Arellano,Villavicencio,True,4.161228,-73.616174,51.99,2.65,"Calle 38 #34-65, Villavicencio, Meta, Colombia"
960,Marita Salas,Villavicencio,True,4.050838,-73.629625,63.95,0.76,"Calle 36 #34-58, Villavicencio, Meta, Colombia"
961,Dionisia Montoya,Armenia,True,4.655767,-75.663341,46.14,1.85,"Calle 89 #8-35, Armenia, Quindío, Colombia"
962,Rosendo Venceslás Quintana Hervia,Pereira,True,4.752923,-75.721444,48.95,1.65,"Calle 7 #38-56, Pereira, Risaralda, Colombia"
963,Francisca Torrijos Montes,Villavicencio,True,4.141959,-73.545435,3.46,0.12,"Calle 85 #26-82, Villavicencio, Meta, Colombia"
964,Juan Gargallo Melero,Santa Marta,True,11.244935,-74.272421,10.88,0.69,"Calle 87 #93-49, Santa Marta, Magdalena, Colombia"
965,Eustaquio Cortina Tello,Santa Marta,True,11.213173,-74.266435,35.81,0.67,"Calle 116 #48-29, Santa Marta, Magdalena, Colombia"
966,Prudencia Plaza Prats,Armenia,True,4.680314,-75.507277,8.39,1.45,"Calle 45 #2-62, Armenia, Quindío, Colombia"
967,Vera Frías Belda,Santa Marta,True,11.165376,-74.28596,12.3,2.72,"Calle 10 #79-68, Santa Marta, Magdalena, Colombia"
968,Ani Zabala Agustín,Pereira,True,4.728071,-75.795846,62.5,0.97,"Calle 116 #39-20, Pereira, Risaralda, Colombia"
969,Pepito Abella,Cartagena,True,10.463549,-75.497788,66.96,2.78,"Calle 110 #17-25, Cartagena, Bolívar, Colombia"
970,Cirino Rivera Castejón,Armenia,True,4.477352,-75.774855,34.78,2.4,"Calle 106 #26-92, Armenia, Quindío, Colombia"
971,Felipe Viña Fonseca,Cartagena,True,10.400462,-75.534408,57.47,1.85,"Calle 58 #94-89, Cartagena, Bolívar, Colombia"
972,Dolores Roma Salmerón,Cartagena,True,10.401042,-75.41508,56.74,0.58,"Calle 7 #94-22, Cartagena, Bolívar, Colombia"
973,Bautista Lozano-Bernat,Pasto,True,1.287501,-77.162142,64.19,1.52,"Calle 82 #16-11, Pasto, Nariño, Colombia"
974,Águeda Tejero-Cruz,Neiva,True,2.829323,-75.13309,27.0,2.66,"Calle 64 #79-93, Neiva, Huila, Colombia"
975,Arsenio Pascual Rius,Barranquilla,True,10.937131,-74.729642,28.81,1.92,"Calle 1 #99-36, Barranquilla, Atlántico, Colombia"
976,Raimundo Camacho Soriano,Pereira,True,4.873067,-75.628073,39.17,1.53,"Calle 39 #67-76, Pereira, Risaralda, Colombia"
977,Bibiana Baquero Luz,Tunja,True,5.479504,-73.491147,54.88,1.96,"Calle 70 #92-38, Tunja, Boyacá, Colombia"
978,Poncio del Bermejo,Barranquilla,True,10.916449,-74.796908,37.98,2.53,"Calle 85 #60-58, Barranquilla, Atlántico, Colombia"
979,Evelia Esparza-Puerta,Bogotá,True,4.74251,-74.166147,54.22,1.3,"Calle 109 #55-47, Bogotá, Cundinamarca, Colombia"
980,Nando Parejo Fernandez,Villavicencio,True,4.072081,-73.565105,4.74,0.14,"Calle 97 #88-58, Villavicencio, Meta, Colombia"
981,Xiomara Cózar Escudero,Bogotá,True,4.657262,-74.101925,31.51,1.98,"Calle 81 #59-5, Bogotá, Cundinamarca, Colombia"
982,Charo Rico Moliner,Santa Marta,True,11.223716,-74.176179,57.47,0.75,"Calle 98 #15-92, Santa Marta, Magdalena, Colombia"
983,Jose Ignacio Bernal Gascón,Cartagena,True,10.472394,-75.487082,76.98,1.26,"Calle 86 #17-11, Cartagena, Bolívar, Colombia"
984,Isaura Reyna Guardiola Villena,Medellín,True,6.184107,-75.548059,72.08,0.15,"Calle 52 #4-40, Medellín, Antioquia, Colombia"
985,Lola Manola Plaza Bustos,Bogotá,True,4.602419,-74.105937,49.73,1.77,"Calle 83 #19-80, Bogotá, Cundinamarca, Colombia"
986,Agustina Conesa Gálvez,Ibagué,True,4.318375,-75.11142,34.83,0.58,"Calle 19 #57-48, Ibagué, Tolima, Colombia"
987,Rafael de Ramón,Barranquilla,True,10.933745,-74.853203,51.92,0.16,"Calle 2 #33-72, Barranquilla, Atlántico, Colombia"
988,Dionisia del Barceló,Medellín,True,6.161705,-75.530813,19.63,1.4,"Calle 12 #13-99, Medellín, Antioquia, Colombia"
989,Pepita Cózar Garay,Medellín,True,6.203072,-75.551332,76.43,1.8,"Calle 98 #16-60, Medellín, Antioquia, Colombia"
990,Olga Maxi Miguel Sarmiento,Armenia,True,4.521019,-75.51611,70.32,0.65,"Calle 119 #81-82, Armenia, Quindío, Colombia"
991,Sabas Carlos-Mora,Barranquilla,True,11.02809,-74.825181,5.06,0.85,"Calle 41 #75-3, Barranquilla, Atlántico, Colombia"
992,Leandra de Roma,Manizales,True,5.167068,-75.452674,66.89,1.13,"Calle 51 #60-49, Manizales, Caldas, Colombia"
993,Sarita Pérez Rivera,Ibagué,True,4.379977,-75.145217,44.99,1.56,"Calle 7 #4-94, Ibagué, Tolima, Colombia"
994,Juanito Galvez,Medellín,True,6.313272,-75.504976,8.84,1.14,"Calle 44 #63-67, Medellín, Antioquia, Colombia"
995,Bernabé Salinas-Canet,Medellín,True,6.129683,-75.62519,6.47,0.93,"Calle 108 #58-27, Medellín, Antioquia, Colombia"
996,Aníbal de Diez,Pasto,True,1.117319,-77.236688,77.54,1.57,"Calle 2 #89-69, Pasto, Nariño, Colombia"
997,Manolo Juliá Nogueira,Santa Marta,True,11.128797,-74.252129,31.62,0.11,"Calle 86 #31-68, Santa Marta, Magdalena, Colombia"
998,Tiburcio Berenguer Viana,Cali,True,3.316854,-76.500347,66.72,0.02,"Calle 32 #27-57, Cali, Valle del Cauca, Colombia"
999,Tiburcio Varela,Barranquilla,True,11.076248,-74.770715,74.44,2.13,"Calle 7 #2-60, Barranquilla, Atlántico, Colombia"
1000,Jose Antonio Villalonga-Calzada,Manizales,True,5.102807,-75.468548,78.38,2.54,"Calle 65 #61-12, Manizales, Caldas, Colombia"
